x_m,y_m,soil_type,humidity_pct,depth_mm,hours_since_irrigation,soil_moisture_pct
77.39560485559633,43.88784397520523,loam,88.6878335929106,216.77620799132507,15.821794445125121,62.100741264897785
76.1139701990353,78.60643052769538,loam,30.24909061404367,148.85613292128096,62.294068071073646,31.750736727948397
64.38651200806646,82.276161327083,loam,55.47313590618649,87.49064849081364,93.17024421866024,21.587642056934378
82.7631171992582,63.166439912206485,loam,80.64701920682991,122.4946412357138,163.07726809834375,22.600249341384934
77.83834970737618,19.463870785196757,loam,57.33768029816274,37.046035591487914,25.920634667348036,49.82163203432937
74.47621559078172,96.750973243421,loam,46.06602865105216,126.87641915958895,78.88537629433573,29.10565855481046
12.992150533547164,47.57049262259338,loam,38.15274792407073,209.19884853769034,73.44152237055157,29.182746261081817
83.2259801395201,80.47643574968019,loam,50.99827032241396,104.29022858081713,114.65924466779589,21.381317272891614
19.990820247510833,0.7362269751005512,loam,82.95395020017108,207.83398556280883,118.4677836092243,30.61367286305145
45.891577553834,56.87411959528937,loam,31.183759850212596,56.4957702223927,112.29169758079924,20.731394473004723
56.52361064811888,76.49988574160255,loam,70.77746560004726,177.23433518094885,93.94680300522947,32.03076047262836
3.0817834567939406,43.671738923236234,loam,37.16677382556234,137.34537702427494,143.37171630905192,12.263123032031693
5.830274168906602,28.138389202199654,loam,43.48750062133469,207.02704154989615,93.58140159333476,26.0603834828436
66.43135403273875,40.63868614400705,loam,85.12163077328277,70.91755297461857,3.8156282864885602,70.01673318241447
72.23593505964503,46.18772302513874,loam,32.90174232268814,162.78731315342498,25.588433255812294,51.23121569017249
44.61562755740307,38.10212260964825,loam,44.12096713183012,198.32771310769434,60.78451857296959,29.80752416804344
11.800590212051532,96.18976645495145,loam,92.68645525660857,217.41946179795613,44.66615352519929,55.525053897765446
77.87509039657947,71.68901891589957,loam,55.94892017150309,99.86642950741873,16.193681641787883,54.29605161125997
45.57762898336111,20.236336479523032,loam,44.4765299320522,184.28538145902138,29.697827533790928,42.91048972398153
75.85195298352102,71.94629559509367,loam,54.5674431820083,197.50993119317187,98.12845877733957,25.905244161255574
8.44443211398891,41.58074021706096,loam,23.3291339089514,160.8474752922427,55.41668367190793,31.6635407279229
10.340296772255165,58.7644572177712,loam,33.64743748295089,279.40803255361925,97.61827146966635,18.931413934740156
59.091549148141674,2.28038710296975,loam,96.68473705931562,157.63344515929757,131.49951817804808,29.014069403488467
48.66583308381603,49.07069943545209,loam,95.02611639799863,182.22521440342072,79.54621937756824,39.16655568491617
33.15689973425522,52.06724024715378,loam,55.11291682440373,30.943321967090867,138.8170432646521,16.577272727305253
14.024908899861078,55.40361435390494,loam,28.686059290835484,209.86602558594822,47.2472756849534,35.632937206859296
72.69946142868827,76.8647491917657,loam,28.619275676471723,276.90325741284215,38.67595047033998,37.36146163399759
55.48524693914834,37.092228386243875,loam,86.38317945059305,247.269154817683,53.27933399421618,49.539369766328925
29.091783814011862,51.50571292317145,loam,40.47720724540822,282.4119817634649,27.65411335377905,44.9362924080129
43.509706000303794,99.2375564055837,loam,91.33418130039311,230.86720535066104,149.65313846759219,27.10523228040959
51.885836038644904,31.5929051830793,loam,81.76099456887904,206.9568473711343,62.77449845078329,42.58470463394546
74.6789611349026,26.246051592286467,loam,94.94505204270234,91.26690812656331,20.62333264512965,65.44672921767088
15.328431662449404,17.926830815773908,loam,67.95062332166748,265.5045612303027,33.001023840048305,49.24652659870267
77.74048382411776,97.18264260609673,loam,60.05929489618738,64.57181320159397,2.3412963349778595,66.61871359016126
13.182221778652103,67.76586736128574,loam,29.74660037028249,164.24073119567407,116.63608918800493,14.599748959124565
19.97756516600576,80.41245261822627,loam,77.23257036926414,228.220601076774,22.017702261628628,58.142321868050374
30.094869178093976,48.85840453515333,loam,73.0291370210866,287.79639568791674,48.12296611618524,40.8623413878765
2.4859491386256316,55.51980423268247,loam,70.7180089344868,54.121786031457155,23.577052306737322,53.44776479988776
96.62319121431817,59.604255323437286,loam,94.6418577280169,246.19925179356696,78.52010906128898,37.119435123105156
1.7836783976987736,10.914399676573494,loam,86.35428919061891,244.12469928941948,39.08364465036086,50.94404012619265
60.60158207000109,86.77389537760112,loam,68.24857258709805,138.45718155026208,62.862919292406694,38.64246502098085
65.19310255799742,86.7490631752325,loam,56.31175056610398,93.15587981162348,39.75927698359363,37.44690185533783
81.65687634239104,10.527807985412496,loam,25.32470855641425,188.46925753302423,24.55710502437331,49.97204161812528
31.033467392407445,14.387193297114266,loam,93.67763779899602,70.5212237522015,47.83297383277317,47.33518790682337
11.549006366535497,2.1148016336440034,loam,24.43163273314081,73.02640450735949,8.968164681365465,57.534043958550484
68.07145267995064,39.36304568320283,loam,45.43928775616395,163.74471518111326,147.00083029541423,18.17799323222759
4.347506201279194,18.14984095965241,loam,38.93958968835168,93.58158335385825,95.96708549278581,24.377541124260645
4.925411992759399,37.36141384595716,loam,61.90023589741098,52.959773298521895,140.02103703647802,19.821351206656047
92.48418690180621,9.91131415798755,loam,87.48599612782021,273.2296145800947,164.56787433854757,23.747361245725898
77.94775407713288,64.24832759955477,loam,82.31970836625032,62.001857313615446,90.05943003920306,33.054908342395876
85.75721441225575,46.27993655935158,loam,50.80715968802828,200.87989959020527,44.76583734014214,42.18435238649314
47.78772740237458,41.6889368594885,loam,38.605595242309896,126.0657477816602,61.55393157080957,31.371071585398486
37.946407972692896,68.57433454559454,loam,43.75011796570283,285.93592984671864,153.9464672824139,23.60226833413705
32.83612050046888,53.54347898300031,loam,87.88483910188997,204.46151865402805,135.137827095109,24.19072470930585
63.291762926762075,28.815561418246173,loam,78.79145298482327,80.66126310957254,116.72608564150771,26.598671941559715
61.43797405419198,9.50957482299346,loam,78.05725026171415,48.235635176468065,157.23789021370519,18.79426478264488
95.88802459090803,80.08841760850967,loam,67.49456035730833,240.2216287731254,133.57929294915843,21.50584578990798
25.338335383918718,59.00758953583092,loam,27.603935805152098,194.44556750663335,28.77693908758852,46.138753938009884
57.24305140338497,46.598515298122734,loam,61.81054204104982,235.0789322518117,134.2731123740272,29.89344812811689
59.95934415226123,93.12362356901018,loam,29.578687080089825,57.20348062253039,14.735114001009093,49.84965111146897
41.860830079037946,77.43214161418433,loam,73.6985130646874,116.75038354026549,150.925579956738,22.929298048192525
27.053494091017573,36.4192017772054,loam,45.15519841634103,68.3432033718749,24.827606587088198,48.90460406265289
43.79040371987533,38.331982277740984,loam,78.37485669419023,177.07309294454748,157.27151778886164,23.01007382251818
47.93695641245404,37.635947348082624,loam,98.93052359394576,222.38406490100195,159.8007028806453,28.913455966210265
85.05336791907825,63.70738839912076,loam,29.753734266809005,186.77094999153567,115.2641893377154,20.349567162648487
45.43179618417466,82.53995111963212,loam,43.62872202752719,151.10072249460154,74.30877334740606,31.273395357894486
91.84418955155542,78.12940354315158,loam,28.847072879688838,299.18453090533256,147.7056040837012,15.10705373653167
83.68965796609382,10.641953187138286,loam,99.92837843793909,208.06330242929764,109.22100261387789,33.98119412530995
89.70333988966253,2.8999503204469423,loam,39.26624464329176,64.33101567082463,130.4970140362927,18.59497738946653
91.06382271308853,65.62690393274902,loam,22.893016839575697,26.493204385392627,8.67853005841902,47.50262497284407
80.14818108594153,23.855282062738848,loam,87.95270743384583,40.73878354214661,134.5619274118016,24.121288439084456
77.21083991043805,69.81207839786371,loam,87.03841749243065,36.04160737544326,33.8993946008013,54.77346352843535
63.001184457639866,85.1131099761935,loam,32.41703939528727,227.02080028216943,32.43097046597589,41.07601453083956
70.99046972813039,98.02047848986818,loam,68.92348847816557,39.98758662260629,103.53990694782551,24.581527768347463
88.41457113668172,70.95782851006207,loam,33.85022771380026,50.22327660165447,30.833582451893587,39.45738296915893
45.856064245848984,78.4080948341408,loam,70.91266736862215,182.41361623862528,24.38188278372835,58.787921848197776
30.134263251471793,57.80172158075422,loam,75.98207556712529,203.53911769245994,158.0198608288471,21.94954279112766
50.83527384469421,40.403439074076594,loam,57.93349835860945,57.78481970437977,22.527894458624576,52.66085739950442
30.470460376083132,42.790321368135,loam,68.87900376293027,199.52300729002232,69.18423062637581,31.355264023640018
21.762852669696198,58.830624840900825,loam,45.363272905379034,34.91645442627502,70.29120741835254,33.103667622854836
22.5592868204211,57.24579331221157,loam,65.26175203455368,218.05059980535214,108.85534500980329,25.363805524274248
31.621415182404313,78.74322219859539,loam,63.93155068797435,143.64000367446977,105.17009679809759,35.5382006528171
51.27392446067582,73.67056884822203,loam,90.91223093789662,278.2907292561777,84.61033143076067,36.84796277878006
79.98704107638365,31.445069174420127,loam,86.99058898760549,160.88895279229143,19.463929688325088,63.265169456724
84.19932110394632,5.55679169068779,loam,42.44891489069247,116.8857611379251,29.063066792187758,47.19752125035665
74.26925667250856,1.4682843560070769,loam,86.17387396165492,260.5507064830035,62.539944296180096,42.27864419364235
60.084040794508084,11.967255586489433,loam,49.1935488862602,288.5680247477674,167.23803139405103,18.28520699395174
31.09615099207662,68.76650491660925,loam,76.43250923872101,131.65646617000368,107.66929061047477,27.467517298845394
20.905765860224147,52.50883029672612,loam,33.10010434066367,70.62438866604676,140.49912081243997,16.953675925943827
55.596942802844836,83.90697308817134,loam,99.2257331461018,63.93886935641304,75.30526302673098,35.57844816972262
8.004928364618502,75.53301727947445,loam,54.70232218580744,154.06490690236035,25.31305960062435,48.5156618971689
90.7103622156215,4.464908897427888,loam,38.6281827954965,105.31631583649529,82.35318712346651,28.829566895363715
49.32899758506666,8.411533455688202,loam,39.49339632445708,256.9868058096988,107.11490168038112,22.477751714502077
67.0203255351355,76.29030190395291,loam,24.64867853771579,125.81730585646841,90.64060912396202,22.86773928920176
84.44788732871865,48.25725085872939,loam,81.49020715675033,259.30426714232146,84.80496912778767,36.39160160559402
58.712394053698056,85.02742988337218,loam,47.247263647321944,162.17466359615844,89.27705488876906,22.476879794868076
39.855250670154064,91.7337672551676,loam,70.46657922917939,73.81431017016605,56.927746782413635,42.33227046003079
2.482313179857254,92.74604585040267,loam,55.85658626054972,109.5721449157162,100.54416818169975,25.596662453658624
27.802210660081382,70.30334656988926,loam,70.70158184554104,294.9966355741972,104.2200952225514,33.75527324012205
76.14325631840076,90.3327871964053,loam,77.65567573746813,289.88308647607937,131.37686868401377,21.271015768306686
11.410407118363718,73.24135029937877,loam,55.20709596218949,177.10354566310068,109.88920479303593,29.732181694944884
98.45780814316247,28.82282454879053,loam,78.7002797950333,231.24547293219888,58.210800700592195,36.898272894074985
4.094696028571976,77.73431275291786,loam,59.175979345352474,296.0235466111047,78.11554064053371,28.719116627960425
41.157600219405985,79.36821505599725,loam,26.785541784946567,177.7519702878851,134.74604421360166,18.211082306350054
82.25830906174316,3.6970727201174225,loam,49.81618730453874,38.3920798863091,18.359424907245746,50.78376305654629
71.32581963116982,77.37206827516263,loam,89.23652384445303,228.3436538310402,134.54642747391418,27.408263695337954
23.45351504412986,62.189777337524575,loam,88.65002436998586,26.237534358406258,86.45772947554677,29.434213475250168
2.9607289128613212,40.13555575533879,loam,91.65079051069574,209.69352243536116,39.92660504458035,43.467218572700446
34.80314234095143,85.33446711440594,loam,43.91549208951244,187.33806899286597,66.68593138163612,33.4591984418371
88.65575621718692,18.759368193949133,loam,26.78492729886105,119.0299081000566,120.56337680378334,18.66761896984809
99.87433700667648,29.63620570111649,loam,52.635356090502576,62.62585145814723,96.57848417666963,19.17054422808326
39.2369092921794,91.52987602855548,loam,59.75332769042795,61.95090116109191,61.38358181745443,33.3026613992035
20.197903768878156,1.7668780999912204,loam,56.262393320013075,199.4985728617442,57.6731336796565,39.74094064393139
95.92092728445759,75.19631215749155,loam,63.2685309555961,103.24874065575194,150.6954621938632,14.701483035703836
32.534273051667704,90.90648144229485,loam,62.36336442280579,229.13743608994358,99.2451254195127,31.756366381132388
29.938329151482556,24.137206162666292,loam,45.79938777349322,67.74643012294118,146.88481336885565,17.46170963477061
56.14893944143846,79.1974425141374,loam,82.70592875005708,145.55622111065304,80.01122784256991,38.01571110370742
67.4597476979024,81.46384431178826,loam,92.20431753753856,241.58720496306827,31.110129952199355,56.367119461263904
10.189415731454488,65.29221265639984,loam,96.42795425502487,166.0013176825306,72.73937880178488,42.06667280856381
95.97745223292203,10.300268413015878,loam,23.286327464387753,92.66831816385807,11.009112898288247,50.30468162042199
51.60878012571124,31.25699490285839,loam,24.076838605990886,55.69010126853734,64.59673550230792,31.174955926374153
69.81897256099134,20.702054152481196,loam,44.16572550269108,133.3845887239768,69.99041835561684,30.148143851101565
11.207037099869755,86.2764563740878,loam,20.09864500095265,164.74602284854066,82.23633709321096,20.70787574812767
43.13270201464496,78.05811375265843,loam,87.29629649719652,96.59584943919376,54.17839408257861,36.60821423010539
47.98634005510651,68.3258357658813,loam,38.26023003707364,115.95232906508834,156.30461575497728,11.506791030401462
46.07696052395662,71.15580415967779,loam,32.03632092459792,38.02785550150751,23.218502435273166,47.017245590110605
0.9259781821123414,18.832197481135182,loam,22.502681032131562,55.4231035796059,104.18508015355377,20.884395175936284
56.92120504306768,59.019538276612614,loam,87.95482664718233,26.30388305076533,143.3660691695176,30.407698821553815
16.27434861049576,77.2937388135284,loam,88.43932334324685,94.92245803239327,154.3573383916504,21.87506766439355
60.342445433332145,98.46495336176436,loam,48.922886291135946,248.61882010053102,53.49105179518122,38.39503334635131
60.07339188626425,21.635569522540145,loam,53.122087503138914,112.34979944997946,13.122210037501132,57.81407479143284
34.647865540718094,1.903414781748658,loam,33.239020606542,224.4254132339889,118.95932759484276,27.275263279836736
31.715317112997877,89.00194571176955,loam,67.50644384227581,59.65724398032229,24.144735124529735,51.50788343406499
17.294393644207805,50.72927015820433,loam,99.34195807429685,26.102091301668363,2.785406718789563,73.91557342821578
58.46388341341655,12.690997551851313,loam,91.78417598032749,267.10458253511536,90.08166940271104,31.655989894302266
27.318719150087635,5.051969637200515,loam,67.56540871126914,106.05767813075983,111.48833583893912,22.827386688966143
1.8160543914364058,59.57137746857274,loam,38.50244317494818,265.3193369235454,42.61563710238718,38.56114518814736
55.354084008961145,39.61665000592489,loam,74.20966108798352,224.58664954674433,95.24554961365699,32.353185980966856
98.34170759929376,41.92723879008051,loam,61.16664415084247,28.42921643383364,133.73279746014356,20.01876095036474
40.79614303605652,9.40719630893958,loam,91.17251373403178,133.62699101115302,114.67370849914903,31.41544200322369
96.15496295410325,17.84417618218309,loam,35.96335943195923,261.22028665337126,153.31390101584444,13.587227914067203
46.98008881748279,73.34949045628298,loam,90.26925870486413,129.23949113525893,86.85927379070411,38.29505744222635
73.11359766527954,78.29601300260849,loam,65.59470549132212,53.769151621313185,151.86751286751073,15.589333110797176
79.8097435818333,9.986247716072949,loam,36.35178936651434,229.49010040460428,3.887535889767001,65.87376187345946
37.714468035568075,71.93125336908236,loam,91.00568707904347,133.5232192412726,53.614258084743895,54.18618977561593
58.09893737480507,40.91399776247972,loam,68.14198046941668,282.22987663078607,78.5635631132682,39.53028304695075
37.72059828830039,39.41069825931186,loam,30.488695442097587,69.7896626525026,115.00642833013778,10.325821496576552
95.48983918558076,24.35967453586074,loam,27.913960408385783,232.21375482507094,148.01405672220216,13.453829539194594
20.208810164547796,18.576613487108716,loam,61.76098410932099,153.814576342862,43.58589309556175,45.23853987924873
48.14913403262807,95.93323476356083,loam,72.20153606021306,161.26430307287006,18.596268436975507,57.655463478380256
29.477394957454273,76.48035526072343,loam,90.13686378116955,272.95150973077057,165.4075261861267,23.55812536825204
95.29991327679814,7.182214050288438,loam,31.023482874224413,108.72829478090905,92.88690668282953,15.035102060431745
84.57969578021425,61.67561790773091,loam,63.389152184176396,70.46061392600507,42.54691969923316,43.01016998552978
85.19331577947986,58.42278600612182,loam,78.81035420157068,106.40903730025707,62.370443030830565,41.32204555378961
76.00149717440348,77.23529876745681,loam,36.54508220112254,283.92318560297724,20.270096690539315,50.47542481154392
10.03956456498093,26.453981115131107,loam,87.71828288543657,74.36031989517404,69.47941246007493,39.16904088174013
24.525897302320963,71.02452013359866,loam,88.1067719521763,265.5081634602822,57.00612048374224,46.415450826527895
24.84064038656515,24.479650155014543,loam,32.90032502815393,283.50522797206656,149.18212320573744,15.20406074449159
51.7661521287729,49.06079155118719,loam,62.379653294599834,172.55620373369956,73.00659822921197,34.90237989605453
12.566385286853599,95.22497158456832,loam,58.562460766908046,287.131519348927,27.480915455298476,56.39082860675245
20.771725335153924,25.318460612660154,loam,22.404366300894303,57.71216045355811,154.03053248170488,13.688659661091329
60.812921191459154,46.5014131989273,loam,52.03609961962226,171.26867512016872,31.456142695377373,41.04730206872524
81.83078687038629,74.16146327315153,loam,57.5007437611162,67.04120858474239,154.6718641899594,13.779153076470608
5.010668969693377,34.240367681062864,loam,83.55656243967074,196.24490487175726,126.14088223713642,28.10429116421288
21.19546110805426,92.37833160931802,loam,55.03916823362981,200.72875354764525,0.38787379457265647,66.46802341985551
28.08963859641551,6.206310654015523,loam,56.66096332292112,60.48326572506148,25.59088730647272,51.95834229948816
39.29273915702333,92.1852450154995,loam,45.532519568645604,224.6995353055728,77.46470426602448,30.565774101159796
59.96953567159904,47.27839727589982,loam,96.00488756995497,119.24625175761287,29.775564209877793,59.914056681188605
84.60075613079087,4.0253739939923765,loam,55.97061507381444,270.4341146640147,125.93592797904174,23.775509541390193
53.141381159724375,65.99957188011513,loam,44.19842249103425,285.57228990814787,61.5443620774981,39.93944535749502
40.31402041190819,56.18189300629993,loam,77.5826028017237,164.95689173162242,152.39050292079745,24.452150189289497
64.70717981433252,34.23624333000541,loam,52.652533458481045,146.0137797642269,21.13557907646392,55.50257328227709
66.74899231467579,65.55177383430522,loam,73.03277713680762,30.43577246924021,54.859869568859025,44.573486005111604
77.81514225440124,86.06304013961301,loam,39.734430178091785,208.65851868319623,21.732950980990108,47.85021788631675
13.865449623341952,28.352076659922922,loam,73.97892378794224,275.3399003009444,34.02376453126324,52.830409521313385
70.13911012434323,95.29224684855657,loam,68.8048386309739,95.15440603252969,105.08033036154129,26.738075895933015
97.61283906917078,39.967613516363684,loam,74.83421766088114,31.38758514535858,67.2103229506389,34.96907461930244
61.022744443324584,44.39428863959763,loam,94.87499995485807,259.845703440488,54.13223320225363,52.188481552384665
48.98242560924627,63.220250011486236,loam,46.72890135670045,92.15637521061927,153.32886832293005,18.137212433496043
84.3322885761979,97.82044307645613,loam,79.59932206237508,235.2834878545499,128.11513544972365,32.683597723906324
45.64521945142717,24.022627614900316,loam,71.58553554874324,104.563037428142,43.31181282999554,45.91675685226045
40.99823882250432,21.88566087946322,loam,85.28448134022649,261.6567278059534,28.173519305867202,56.417953946429634
33.61299685293737,79.75108356807526,loam,87.13390929874595,63.04049428191354,130.0884313987526,23.651925833786336
39.00625901565292,99.86095150119158,loam,35.40726585847278,67.33998520884727,71.0304558678613,37.75719407519243
93.29007824132532,98.08211455330343,loam,25.57125092731157,62.949317270673966,132.84397961452697,14.238536135192547
88.48490595063606,66.34532572290868,loam,28.947584190454172,253.94555335410195,29.627871841356743,44.956617953266615
55.218492855933,50.07661490802783,loam,74.89303324921204,204.4888520890452,166.66305692871322,27.17208893363189
9.519908696086398,72.78432989687184,loam,98.13312625732713,112.53975659798058,77.4830928207124,40.192112627354746
5.141915455692936,67.22644312234448,loam,48.267015605477425,241.5525655236631,139.79617264737365,17.588029515668644
41.666599803988014,32.15456822408995,loam,79.9056623733644,245.38209430674883,82.53125099374951,34.24395706018774
14.390869607855826,87.90687796589602,loam,27.687618637750504,67.21951856501882,89.68512223002534,21.09329880622069
5.280710140011036,0.05187441657055203,loam,54.905332775541055,238.0215673553632,5.852842847025832,64.38324508948429
82.31273174161865,16.800084857787112,loam,31.74909878571234,261.72026774564745,138.2849344716159,15.976118207809476
81.91998792939803,9.275607742449477,loam,51.55852143510035,227.89432792925254,43.251929166425846,41.183161422214276
50.41786043908139,75.0265987948233,loam,57.174371028586364,126.17369356099985,36.82378836841023,43.34767427390751
75.1490810571396,11.89103480339605,loam,26.87858800887561,73.4801253810858,29.458213924258878,43.549864871014066
39.85066234742124,99.03884573604824,loam,30.97690062324899,204.72345206575193,75.3865572098101,29.60983875880065
87.50841990540823,97.55956458283997,loam,89.8287167019343,77.88268673466159,37.09405076310092,47.83239645732902
28.90835816381917,73.47251307805799,loam,65.31365206477157,176.4999113348608,139.195883372916,28.2855290144947
2.6577764997291697,4.945913714601568,loam,68.12467619648126,158.70282079612576,43.71102209762255,42.12088353814447
75.79103187328606,82.661148465793,loam,64.89784543120354,130.9766072357033,45.47705593117798,42.118263390220754
31.4749618564381,56.40951370472229,loam,74.13219060077101,43.17178300283358,0.17933412382153602,62.61424802251327
89.45114977187811,64.62907632285592,loam,33.75682815496183,269.82258950149514,78.95259796827312,31.887555471586026
93.55419438426551,5.948669218334002,loam,37.214261970297486,186.08711441754866,32.84173360977669,41.43741786231576
21.40922893367202,9.915697059881435,loam,36.55881277126718,141.25185942481713,29.59123426107742,47.20054887855877
86.02818862189409,32.03972035973079,loam,48.860694921460286,40.1993626128376,60.0380967483451,35.01773747024844
61.04850673417885,20.53902976724067,loam,91.06923624502724,280.65832075287767,16.771617605700754,59.5586442340633
11.532643811098797,61.956925631031204,loam,29.75751713676983,259.40513743082323,126.71761450956593,21.435412043020175
52.60605268860209,99.66772115191534,loam,23.5340082355329,135.34786515118117,54.421360381522874,29.362007778912943
57.68609584975929,80.61909654447253,loam,33.62729549268151,294.1243895726207,83.77144387522095,26.71176232380794
39.7525024554993,58.47527028049366,loam,30.244208843822953,113.29854726326009,32.45899817078193,45.81062948653242
86.61446063310201,58.933116612747604,loam,48.693823322232895,137.38407877584604,72.49519261947557,32.15586966477944
92.67693914889932,93.27796196569825,loam,51.31935836245307,115.54717638938664,75.77581203112285,34.40776776456098
46.181791144974824,65.87534098167009,loam,64.35192187038109,113.19677534087093,58.08277536812228,37.654266939097525
9.463976824938868,16.60626324139731,loam,77.84910417163088,132.001595668572,36.04254739010413,48.782401202627035
75.55395424734273,25.742236234537142,loam,86.14319055389956,280.06383639688863,100.36228088440524,35.54477540177932
5.257599032305538,94.55198910219065,loam,51.3987787411955,279.07261014999324,97.26822415804075,28.782554642796647
3.8541999323435716,68.04188056699219,loam,65.01344110655465,32.296420231670446,124.90127348536073,15.245868085798095
49.64174824393083,46.5757440357255,loam,20.437848706770197,241.3286709357398,55.560299213345715,33.15312290917071
37.3060587558053,56.507791063070556,loam,41.6273430559462,69.16178596085264,130.1845277680631,9.68022383169483
53.64879237522507,96.54159534817354,loam,97.08639297777229,260.30158346816097,31.51836118452564,52.736174610863856
87.81474246555373,37.446393644893774,loam,28.088493274846797,248.01479811597852,80.93627662884484,26.891313404075515
98.21442963178444,60.72114304940721,loam,53.99835085328811,126.7457011579794,70.16004116587966,28.35456066341429
79.47505584175718,83.77168581870411,loam,42.751770765872706,108.54407006273463,146.88815506424862,13.951086735178443
52.045744376722766,46.3675714681501,loam,75.21014156627677,69.93271754109998,112.27956445358583,27.049622672019787
61.8714778169642,4.009500987277592,loam,56.93817577476075,168.61899584515234,36.00683567963775,43.35463376250393
18.84743030123014,34.414107806334805,loam,27.744811944397718,285.51294382564123,68.03900233129731,30.00165038357582
97.44171231088467,8.07352800027391,loam,72.13355743479953,264.63749885383385,106.55138490641035,27.625861956025496
43.10763576379383,3.589888600735891,loam,62.76806010314203,298.22432411638306,161.06286436328492,23.396114413093898
70.57970036294881,30.17648666969308,loam,92.23913227249093,37.406555070051596,157.22684913786154,20.76319650847157
11.750438225260151,5.98243373172992,loam,86.77661314615487,67.83335951800933,89.86288969994625,32.854623161229334
56.74481135493233,39.72333014728241,loam,55.60128438831938,42.35722194356453,162.7503899887486,20.547323308291897
18.936349167285382,28.60473018403953,loam,97.14985559131831,50.928664709201925,145.70691080419846,27.455746832429654
83.00191791590281,97.58975403678963,loam,87.37237244134975,284.43014660140955,21.32512314087452,59.99415443778571
54.567569408104774,54.349559507986065,loam,91.91372610564109,292.2460501278456,118.4128382712544,24.21252939418413
45.64038579018453,38.63414572231818,loam,48.92792236581301,132.66438146321863,15.078543522200807,51.89507300008653
77.98698438723117,44.607289292022614,loam,94.45475908356964,193.36077736333692,5.909565006982518,74.56929905677633
20.581979301300755,97.57360243896606,loam,37.49633809213079,166.83281097921412,157.27772451555293,14.081282055099695
23.636043538354457,4.911764375004013,loam,32.28814660302068,42.41533164320347,32.78087250351251,46.25719323530899
91.24487962956418,53.721888369434,loam,70.07916453592645,80.51349419262381,134.49804827320682,29.544465296155586
86.41368291927249,94.88431070057841,loam,47.832062060527385,49.90924109724582,37.95606493001945,43.314771790196254
94.56936518244733,37.83098223734152,loam,81.6618570932296,173.63109034695762,30.711873432404058,57.35631062707372
65.31918850228186,67.28533946848934,loam,54.780779744723695,87.87754073208153,121.28033895812962,24.251855044193093
93.66696918651266,18.79035790364767,loam,28.584989026601633,161.85311815047916,87.2843324824286,23.649885574085808
43.666748933883945,99.48148928296084,loam,58.902449013646546,156.43530970345353,70.8566985360463,35.23199729417338
59.295663114961606,22.796777222318244,loam,71.008718418324,38.979202035831214,164.8730330105043,23.374826873536204
89.67553715906985,47.55611732329348,loam,24.82646548593774,251.1087251757969,108.89486658407857,20.070217660308714
42.81698635088733,63.793674424664495,loam,88.4983203037286,198.54299678976906,58.409170652431754,44.03993351030278
67.18541886140673,96.0586962506625,loam,49.67298572333354,141.89748606638608,136.43665747942595,16.560821891998774
73.6573093115733,45.9709464453592,loam,37.23961134501604,229.93105676477796,22.03406842303127,56.9599717973113
62.68249827842086,74.72698001920698,loam,91.5750309494252,99.96128678937022,18.601675444893132,55.40159765641137
15.442308802214244,19.76669822546395,loam,43.30635628467726,170.58262235722904,148.3146950937251,18.99781200934043
70.81575538426351,17.518056785600365,loam,48.61461052207794,156.56135467383643,24.76756018557842,49.45031170827682
30.833320395284424,12.727619832903924,loam,64.01917535266061,218.88275404415305,11.748514088112683,59.968929513050135
78.2211195267795,74.79901289524469,loam,85.20584769750033,148.26617412191692,137.8535898834966,23.082009579391897
36.08105614175153,17.63555764178013,loam,57.398763154285746,132.8165061642469,40.47575555760445,44.31856559936861
31.384677211164657,27.280433014583572,loam,30.471226468039603,145.6759679955359,50.898057644666736,28.163222721334055
23.599726262055263,76.31554898199005,loam,94.40026778837739,161.9312595169441,108.02373512125988,26.985230169184923
99.88296373336586,61.351648472983214,loam,91.18235732318949,274.86726780280156,132.96384995168054,31.807332779965943
8.11540004238993,1.5805555440133845,loam,58.17605066263397,160.93649672201988,68.43688116097934,36.610254235189764
55.216270330442704,83.6613041032693,loam,28.69256826098099,86.923858179025,133.22483646521792,8.878582849280793
99.48242136208678,87.29120163870842,loam,91.19192056578649,111.44568422322384,67.47915451357522,40.23335572769188
60.62993981927156,93.88053542070384,loam,47.57127092092942,178.1754900173988,49.77833791618549,37.6209917474599
19.518552981865568,5.794534453812994,loam,95.94348184074059,135.79189233959815,140.13230985635417,27.954386832697473
19.19211614110854,17.54622465790878,loam,84.95905612084358,97.79572042037277,153.43191086193193,24.830669174344322
67.77086144544695,81.44738760309339,loam,38.8205110732516,100.95702495055566,162.0391728713859,12.846789650787828
42.99570499000478,43.25155932423661,loam,40.242779994374686,238.3425487701999,129.67068966249806,19.074301184639733
83.51257910807337,21.307493439900238,loam,20.34446205341429,182.0710245653288,167.0050657719996,12.543188198706746
20.799807370846057,51.89146424870842,loam,84.79525891558966,49.48655139563964,66.39942183149425,30.211212569867012
37.15432084063616,18.883642047563896,loam,35.63966619172699,137.76341640162343,80.5420685673897,22.78927667616569
64.22524185679936,69.04019545155015,loam,98.63897372287256,138.25694608276777,67.76353974585355,42.30275868631951
24.587558700505863,72.98152463028667,loam,80.36585105745077,51.89169929749685,78.66287615652212,29.880215063120364
18.537527280248568,46.38281104628762,loam,43.15437660064519,243.9166230971145,152.47762175360106,14.06196723243592
26.603087262166525,27.413439368860836,loam,40.378268009397395,62.13547641546492,158.55812584142348,15.131054828247022
22.468947454587372,84.66710505082435,loam,51.93562421262324,34.65712305515831,27.20618380193804,50.10295977405894
78.2905274171724,21.093438848871294,loam,93.39164714129137,259.0242080143452,142.5279666822616,32.63474830110459
5.053598865005771,86.74235394825837,loam,44.46401829908539,195.20200482271963,127.67443646172265,21.088433078022636
78.08383545190479,93.85114589610659,loam,78.26999725971272,146.33625583215348,147.28192731028608,20.142522443102088
74.47709278167541,82.0505943858604,loam,79.94822893592047,104.16009091324234,19.79777535217962,51.258374920995706
50.28749369803533,50.52769222930959,loam,66.61154794516301,133.65300532567,132.19775208360466,21.856273205795148
24.672505347947126,73.6523217701888,loam,74.23774820360357,168.8498873018116,31.67307929085892,53.074196465350504
96.06262856288326,72.18363322336134,loam,93.42879973005873,295.65094786069994,59.144513272192015,45.168661162520735
47.3932737638078,98.66287468632301,loam,27.504625920617993,138.40310143173676,147.09055948057568,14.951885104333654
78.77928506388727,38.27831627802557,loam,98.39828319121266,267.97070501651956,50.62182008731938,50.41626715886178
33.68565438332687,60.63628402155351,loam,72.67846147146335,253.13873749856887,4.1077412681785,62.87270084898117
71.19178105885787,56.35232369695373,loam,59.64840625609145,40.18273809469463,58.51034842152465,36.57563058420374
3.0892837036032184,39.64362353648121,loam,95.6118630136618,38.99220199987902,125.95056617549898,26.35461793413476
86.66088321536725,74.60679789593651,loam,90.85641366866903,84.37931736859815,89.25718280952563,31.768086072222307
24.5699742994981,23.074630526721695,loam,22.174570679806802,288.5917058432494,119.28283584917673,19.333930127848728
74.39947226949909,53.16129186954394,loam,58.09070568723283,148.62136630896825,107.59378763341174,30.778103767083298
88.80586950148697,81.17523712192651,loam,47.965088916162706,184.11755662344422,23.692586391602454,47.249973104442766
90.28926876302835,92.18975064992004,loam,46.573043816276126,71.51204453028532,35.57772346234014,45.377994872341006
12.011063010138434,7.130453418484539,loam,99.18584553638988,45.36586292649524,22.267069599837487,57.99642920755069
58.02402167429431,77.44172045693324,loam,70.4729606218124,267.5981443404607,107.26254466447642,27.58681869745952
71.27496937612997,44.73927517921095,loam,47.685105832378774,153.60442442380844,28.511969656558193,48.40339363898325
26.070378133594463,15.353154633704747,loam,39.70817934265814,256.5692917373659,55.473817660418874,40.00270892704555
85.64096306557393,7.774466692504212,loam,81.20195241424344,109.60800325423325,36.39255718291917,45.700165555850816
90.97966227332338,29.50192087123954,loam,65.50670443074553,104.70438130861017,93.11997840203989,33.83125159968956
61.03353887901798,62.35463696427459,loam,30.80638337740193,215.72362913634788,113.35805987187751,19.54832584637117
7.407055273870633,44.683884241415264,loam,52.72281056365838,48.84565800187976,37.357811886664194,38.80234253770949
74.29063098580822,23.70620769846632,loam,86.37999280999293,175.09452857835245,127.75084311101574,23.644772108226043
49.919422542222335,61.97193893796402,loam,94.23764865326594,160.24845988855023,88.81446640219288,32.32664927840762
73.75151372977258,7.185033548623432,loam,61.25499508175777,157.43768703166197,154.84307735191183,19.246589932512514
46.8320534694331,96.2199988534702,loam,56.046117088070524,74.74321833857485,36.441908631372435,39.44736981234118
0.05681292589444498,43.19456610004819,loam,81.53940650385772,226.70327176995485,5.401046750878833,68.1099009542562
15.4283125413476,94.10762847646973,loam,33.38919997153434,197.32578486680742,54.80804484356154,36.31643068552469
41.225859646407514,75.96430523063947,loam,38.454330026228625,274.0927595514215,84.03522108464315,28.66724300183884
84.9730191401227,99.8828610954805,loam,37.91565324751666,103.89541372995008,42.07275857095723,37.93699370418905
58.244474153937745,99.3522523145843,loam,99.22224696742036,169.86263862463463,107.3565713244652,24.557469407853496
93.29334584535052,20.38606273295439,loam,62.28333831539623,254.03019003191588,50.93794887461139,44.67184439724838
98.5621101512008,98.5046696720871,loam,92.48854486121454,244.57329482771584,45.21392412143137,47.13357158578063
54.72828412048747,56.07773745620121,loam,60.44022554856536,200.0843269769842,68.59826780234212,40.73228488954452
33.35499264783554,33.06769969463525,loam,30.17807695134624,76.8958577579528,142.88750765878808,8.802847998491092
22.786778655283378,75.93411000223874,loam,64.31849006534875,30.817903141405708,53.14872483256815,37.431118923010644
65.58728609828405,27.503104063025287,loam,25.19574233679549,40.10712202935905,97.7301860570641,19.51910582953202
84.87921131360888,15.539711925727563,loam,68.52530681563438,147.28920770295505,74.39905556695962,37.457620307415006
80.27522502122156,89.30524847532526,loam,20.881333390738277,74.11614831670738,151.85590371764044,8.154038538658009
15.003957824821013,20.279045260915886,loam,72.79889953896914,224.3246261178901,100.70370384142912,27.404423430428764
49.4063603661777,30.027191214252667,loam,58.17863279806372,123.90823075831801,37.7018699693473,47.27524547910669
35.221249356512416,71.14093477097423,loam,21.475024230015507,145.77409113163205,108.19357944357789,15.1655155318983
77.66484358887159,81.05197156597976,loam,76.93646567355103,53.26936643980609,79.80377059273259,27.683016814089516
24.55660388094516,4.255181764677651,loam,37.88722567008375,150.09596047647568,69.54029360117295,31.53153217968112
82.44155426834928,92.56866687367246,loam,36.10786552421722,280.632551780986,3.0006411414303784,63.20958019449203
95.19287900809078,1.2051863015925202,loam,81.04154374213985,291.8054324567069,152.19157276138677,23.45452900607199
55.032350569763935,7.815613988538828,loam,87.9831358244029,193.80277034747817,103.27577302363257,28.691123477574592
57.18419765211091,15.357977908611453,loam,79.18160212529203,45.62975952167414,122.60316886335706,18.222196893527897
47.24686775644882,50.98303660570493,loam,44.97714183376626,291.6011105245366,123.16491172600361,25.033779052433065
17.480738623300507,21.957959220209133,loam,57.113782888804,284.2063100864429,123.33658608783423,20.705249553828484
85.9561133418898,37.82005230096811,loam,88.1377746202015,91.467389444811,103.93498280530136,27.679669519842708
25.789400914779414,69.2926590585855,loam,98.9850095965715,66.41452899182596,14.8515848377133,61.03050984253391
33.973594774903034,7.124447736659112,loam,58.024449430688335,232.28693690208783,47.900563269751714,38.92710927019628
84.5699400646972,52.007191226148805,loam,87.41855750451776,147.7571103395201,160.09982714209738,24.753871173824297
11.589886531924943,88.50929882268007,loam,59.141215266463824,63.95071619254887,25.65194248535868,49.859581975101165
4.737250672948978,28.659376491381327,loam,31.18300723758945,146.29629314475318,69.6114336950527,27.70515710494481
27.963632910253022,3.2043589378177195,loam,69.15088852281487,127.77245079264662,109.4242797883278,23.522494388787628
1.377735529405033,24.829424788529273,loam,56.52378583952418,133.3697928963285,136.13082928594235,20.54783271798417
53.044117960307894,59.35155924421922,loam,21.746511331664927,166.66167863270198,57.93165157900476,29.386001042701956
10.028739849525026,78.28205656486452,loam,95.3923400646818,31.12392567314,101.03062415230644,32.32254346904382
28.480758864988942,78.75555848632168,loam,70.5884040613041,280.51972387454424,164.80880830743382,22.588320277702707
44.49377610270062,54.69877875782182,loam,31.7394586566122,117.47860336752447,165.92477122308557,12.224108925249654
45.250793152438405,84.26546217181962,loam,45.91210101754307,156.94458825766716,164.31168529238064,18.50244740418822
13.092131214649905,5.172149166639106,loam,95.63332579519587,98.09758865064306,84.68273630284455,35.83322552054656
42.365512055060506,93.01055192501241,loam,60.19303949047507,292.0621667456402,43.48438705588315,46.00454725979108
85.95307918093252,44.82523545537438,loam,42.358989885615166,260.25572493991746,65.50143077059832,33.79595892530883
97.65270664151457,18.64832947558639,loam,44.11205093761485,33.54414001920598,65.82873526488886,32.915173778237545
68.00349354078914,18.132145876585238,loam,73.98502019246958,97.45574275206236,59.67659613236157,39.724303228100375
71.67517501636094,46.650926313834304,loam,48.903911908214646,259.4712477358487,96.08770510772206,31.660723943887
90.00912781436826,34.26502960336406,loam,23.11835020298563,161.01506159297455,20.82159314606747,56.88423506812972
74.71108726874111,13.075181337631857,loam,84.55553794832285,282.64950423601226,101.89739286853471,29.14773316303628
71.35866099074174,99.28079572704449,loam,47.32306097612983,69.78555159174319,87.22009546560601,22.1860784172894
17.791248829614446,61.31094189941395,loam,21.129978678145918,280.1088106749109,44.448478673971955,35.01734562865637
10.824944147485704,24.02489482796417,loam,41.91249348848362,34.02274986187538,46.9316084485465,32.79512377545517
37.86209274345186,38.51677373559692,loam,47.12061924823033,115.1790679709436,15.074854660530207,54.5219672087511
20.21143001564666,75.66494274166153,loam,99.26478124408976,280.3446981407655,84.70885173034513,38.58163430045338
31.458156903584257,77.39394386376563,loam,81.18053503461189,257.17489833517226,150.44476896907656,28.85423878792531
76.68755681071976,80.63987287958786,loam,44.676769799820015,280.54161710169126,15.849372443462117,59.31128562759646
77.00907181588694,9.327090532432724,loam,72.49837184840005,34.399338005271545,129.39140750662273,18.922319652830563
60.24102530914477,85.68603919165704,loam,27.830662417188776,100.87905656122363,69.58182362756865,26.999432449090662
44.821608757116614,26.521345611256596,loam,51.41880096814024,141.90322379788427,147.74117122593108,18.68318291080515
89.37431287162721,42.59709648128492,loam,46.224617655518884,163.19081356716515,70.18087210895706,32.63675612816208
50.26793247960669,15.180173307883127,loam,48.15439544183729,180.5923103278749,69.45258505749624,35.213186967095375
25.672176153516624,96.977157883101,loam,82.77776166810811,291.08808214930485,140.8069412114911,28.914040351407824
52.646009063501374,16.99785211957857,loam,85.45818821018058,185.64459102540638,44.25948481196017,46.456836099828884
11.518605331426068,56.3862403471314,loam,77.68324437333804,41.18334776641874,100.4398135786422,29.34222483731152
6.752731441805338,51.22429711066271,loam,40.6845742518992,207.30422417265322,19.937797669245946,47.64574069882137
89.47285817147318,18.597441987570917,loam,45.86127074920837,186.59961802958685,120.63447255455408,18.814344079206993
15.629132196097506,10.415149380287158,loam,99.98122695314751,150.221833396959,146.5853338569477,31.321589220297724
92.23576385460032,8.77593827715506,loam,29.121535306764077,280.6488516241617,159.17883156752387,13.297222129623428
35.51648869938718,45.2450234834758,loam,53.292934405383264,77.26243438888909,150.92706450181493,15.587236803438081
70.52724094776515,6.7155677734972885,loam,23.10010652227436,204.77587995865318,56.95466407230774,30.164364415857644
9.402120216883036,94.98513799158633,loam,79.88115735144763,265.9734890820948,22.927053079477833,58.72139310099089
36.83441642063441,53.717264832681856,loam,43.74947884059314,41.67345410208641,61.971567963895076,30.14805514483773
38.59212914632148,19.695954262002623,loam,40.951709965178836,197.4118936188739,65.20984420911493,30.538576263442824
53.39056327223729,77.18605408439258,loam,50.30943650783658,186.56786045285617,162.3220410618536,16.23114674469316
90.97975765175444,79.36726242564269,loam,24.697494532011977,143.00218965404562,117.3174925219228,19.95713632333249
45.837629116151255,9.278545412673944,loam,64.96073397702942,59.80504283408908,126.25528612693809,22.028855041466016
72.34313683772865,86.93618268785237,loam,70.31584137302217,193.42081554462493,126.76780963385805,19.99777672220446
86.90537862770027,3.6430195682883304,loam,64.49522374382315,84.47406019432664,144.5381096513396,19.726996890157324
42.022247903243816,18.81042281213513,loam,47.121890073586115,218.53886599856176,34.33240359555532,43.080765665284844
88.8028758227551,76.42103495801167,loam,35.98359445265061,105.38567444324771,163.30778975798881,10.93503133374079
61.05220042138247,30.762848542413035,loam,43.93001153332178,35.86899513981338,122.38495363952447,17.37070453719722
0.4857337777279036,72.94950878609792,loam,95.90990057193002,233.03833812501037,79.23555202489561,31.929029380520916
43.61364226491054,32.464366711033364,loam,61.73713713486721,143.56651321380664,100.49220384685015,28.150837560236624
99.50094173238104,7.874328988291712,loam,50.77467781290731,74.6942038358726,59.15623961948966,37.70330970248873
17.45371316267883,76.40760534212905,loam,59.703099426338866,277.79253510973706,5.4755304654984345,63.63997567631207
40.32735829303441,8.027732040403713,loam,41.01836771318668,296.1581793460715,35.10521405741516,52.390236596954615
57.364066879570906,49.79982907931567,loam,66.43506377622758,128.60220150735034,138.89607646235112,24.571046020722445
42.83926458414656,68.9761848444087,loam,89.45891522263197,126.63219174810835,95.38126064775047,27.787899586407534
17.031908811182895,6.913816246611448,loam,78.23047135988175,104.21649139858869,121.58920875222874,31.02565422843427
86.25478004083254,83.55301981110917,loam,27.114299444022613,31.533039275726292,9.456520580974518,49.76127190670247
23.470348905189574,54.82733178581887,loam,54.09953625440454,243.76951971286556,82.13491464707266,28.398271717851564
98.90919394999024,15.01295567492571,loam,86.45631509967451,39.23118004106832,80.24499328825908,34.857513053510594
66.52139656041213,68.52146193661329,loam,41.06538258051884,140.10806762439992,61.585618667840485,32.47930915787663
46.222793014366815,32.68983518769893,loam,44.438448989693605,93.9845452051586,61.32793747663941,34.32192252216528
87.21043020035738,60.211939183342736,loam,30.702914047508436,215.81131690747537,142.4079666236595,12.588043527198506
15.06005943372639,0.8617257133752054,loam,23.78002710851881,234.6191207834657,165.84730378300455,18.32530461183732
74.80709590798926,7.186216584096005,loam,67.37062599229334,232.9207026677654,60.34633874097993,36.280560237182996
59.51893521254259,99.12446281400278,loam,40.60939382707966,77.11010122648435,20.819549982590512,49.81299555458652
59.64450993602733,79.22708371704023,loam,80.24586188964078,270.44891106864895,135.36981332150663,19.134302368981672
55.58774048757611,29.741195909357998,loam,46.382830364120196,281.284701538249,114.55851205126835,21.420176619937777
41.69125367187445,53.74375733539766,sandy,58.96923359331374,54.503940819024905,39.76593508046936,28.30308618020003
6.737430513300624,93.14619293088893,sandy,29.907494555469665,79.44470526464946,128.57396562169095,18.1860314463602
90.02780996154094,72.57009707225356,sandy,25.489668568708712,215.25794185355454,106.1135950847814,15.01130651458269
82.81978524893358,71.8350563173155,sandy,66.89410362167776,113.67741260998886,117.14197518742809,18.230629830765665
58.75217805288743,66.43448684342539,sandy,54.970243375984055,232.93322267934545,167.60812191289082,19.3112363922995
20.24052795037623,53.94377586643895,sandy,58.51003178093266,182.18169073934766,8.24444001767787,39.514824577500285
58.29782620655608,58.51913513049627,sandy,72.58671694146989,223.05940797573254,107.7799301612639,23.179250211749135
62.47606346845917,53.75076625372045,sandy,68.49571431102487,52.82817585716639,45.89029884188736,31.820251821176363
87.2987215401707,67.9051556287993,sandy,27.232646277751805,187.8756113722112,37.25198192303262,23.313538845707278
82.74408525087472,59.34562725899733,sandy,67.30900878013678,118.11264688297386,74.97000355509998,19.98357894319468
72.33203309671565,51.97536596958431,sandy,49.45859089986968,38.85442802935245,24.025243422832702,39.35131352638809
37.33835432586747,94.41436470762746,sandy,60.412271588699895,89.58104489628855,17.766023093534365,42.90584725537687
81.57306355510569,38.334279341050795,sandy,81.80046448179309,245.74386843489168,18.617889309382296,40.73265757267169
95.90960633711107,40.21380749035539,sandy,24.07552712024178,278.9082398209166,148.45593530417713,14.13167943282826
55.225312034400964,21.174110277612492,sandy,85.55606044357098,162.11501055783475,5.691469583949494,46.70488143224207
95.0496269802706,82.91504903457503,sandy,42.175851216843185,39.66439835666868,157.97903730641434,9.49849209592691
53.24153197128694,64.23174116715352,sandy,57.00800485686466,140.43547595215864,20.06733723602166,32.08748874881293
23.273214667618745,83.66407464065443,sandy,31.666584058854397,87.34212927654545,92.16716196613086,16.145460689903913
16.32066847177871,56.33162416979622,sandy,49.44746167972924,197.19380360612902,153.25049718865762,12.314288689211375
91.34336598130639,90.24899674229187,sandy,86.32700666687222,198.60362725917344,104.18463845421196,26.36019624426417
69.04955512178131,1.6482200596157015,sandy,96.64740633285197,186.04103440303444,131.28626101960683,22.444084467922362
1.2397213915795957,50.973465987644396,sandy,60.57520954527432,145.17205428564924,57.07246509922889,27.771713566543173
96.99318830498088,17.292730776693144,sandy,45.57324541016696,105.83912950425703,91.27594160764077,25.93290019110055
64.37404654242731,95.00017705742079,sandy,42.81768683950939,215.51218154512404,4.206754104870847,40.07889636519977
46.371972799659275,3.099478848113446,sandy,69.41355684429111,211.53541731046977,125.45092809279184,22.669421379316333
60.394466497862666,39.60652512784873,sandy,23.300242600525003,52.486760337991086,110.03931526584597,16.589392761595416
1.5803239163296179,55.758349682638276,sandy,80.08070023060463,252.36307770381663,91.59442340540353,22.048500542453375
69.67249452745534,85.89662496934307,sandy,29.78316297622549,279.70010397558747,4.370923796663761,32.67015997595947
7.674042655969727,19.462821160492226,sandy,20.31153171049061,147.4455940224112,56.1723500885219,19.763002335269878
45.10901608039063,40.23708831721839,sandy,81.41288261589932,270.6108341692589,109.63129829686976,28.688584711524477
91.33182968322798,8.873449300788916,sandy,52.54846715126612,284.18877028920735,159.7116933668736,18.054188774328303
66.73968880987974,45.6745598353999,sandy,80.27684315490734,33.68486594057459,24.21840101878822,47.47421283903476
23.25522624430636,66.60522992691486,sandy,48.09783419690387,268.8275284851509,137.63557677407772,10.507829701781787
77.28950870948577,27.113788623509038,sandy,59.540782144949006,79.3075642624015,144.62887631152697,21.441197777586588
90.21496684090012,87.74769812242594,sandy,96.76770096475958,87.79246369877964,156.546480853613,18.939092932662028
42.24950839181522,56.0373895967873,sandy,47.40818853202222,104.35207691426183,40.540808780224836,30.01712304229799
49.656489714718745,88.77616757138874,sandy,70.41215754195078,168.26829900783773,72.00361026615397,23.975351960215797
20.927734757195093,82.29358771930973,sandy,35.87063706252224,222.07125810001108,127.67748193135364,18.47412277988279
86.29263749548285,29.105035245065004,sandy,90.52937769942906,225.58787638980866,134.1899710639758,27.21772443398504
84.63430169899694,99.30988627176359,sandy,53.61302836197109,248.82681302013185,125.08939959902963,15.029598171650333
92.6948999732512,39.44259295725947,sandy,65.237273302099,54.13414817251443,37.93023260313272,36.54497456817188
39.65527228288474,39.40840894152582,sandy,39.67848145524962,160.19284193179996,135.37724950690458,12.742418460527176
7.011443204418388,57.48207312401155,sandy,57.38186943138676,193.92750887968404,75.14231540058921,22.640473084369198
47.188071242948936,58.19991287564142,sandy,60.07865688254214,154.8397240306777,137.39633207295756,23.013428783315955
34.13784941811928,80.05771175153204,sandy,88.29205352036001,67.2103564779024,97.89065357076747,26.244980283450406
73.91723219267226,23.878532935868325,sandy,73.71228193384255,95.15928041584932,85.87215225623045,21.811273804074414
38.13075384564345,87.57384859632077,sandy,98.95556649631158,265.58398342141993,27.8654929935216,49.35556428754305
3.214939510056125,39.33018836993079,sandy,89.6586698654291,214.40685850897796,89.50039179276352,28.05756834418916
81.22969464702861,70.95584039482209,sandy,57.472425569253865,270.43319273265644,38.63126699353024,32.11666953218597
64.28037643335816,97.19943427017704,sandy,39.78052586454162,93.65935420680228,23.435806457647907,33.5788001593568
22.639754041133408,50.31785267248878,sandy,99.26979824017637,28.33874775356198,93.48966320581341,23.83445912436574
80.74473764101548,35.528153955277695,sandy,52.82730871192332,71.18294466468751,124.45695891481216,16.85009205512586
13.666332077883025,39.345707398832175,sandy,91.43239962901464,25.74450026084147,50.191523864602225,33.29313138840956
33.409385965995334,27.20451891776694,sandy,56.80299879225701,74.91885473016578,88.97704048119328,25.06418043259049
57.52949526285022,9.31093308585309,sandy,87.55268913324586,73.11890530905926,128.48841610266962,23.822555654449225
78.27613480561023,20.627290340534575,sandy,34.93296829563438,161.6821077098076,5.533250469324563,42.62251167899542
72.40122521843483,83.73834783054255,sandy,26.462829115024835,267.5713700954787,133.98289028093407,15.82866929317996
69.84285545788399,67.41530672939648,sandy,62.007458667589106,204.5164867351116,154.41042364718967,21.31346420780938
31.57644778460912,7.245497359587183,sandy,95.58441375552307,147.4480031498317,113.45787107359965,29.730088717340074
99.10002480764885,16.178245779226575,sandy,83.96100845745829,269.0412969876025,8.211063310947104,48.8182379545711
35.47253211965503,64.85967914704321,sandy,61.123855683109184,96.42911932382515,22.717188816669655,38.84102526049708
10.33228577084917,63.77900401345777,sandy,48.112868111963046,84.57419550661493,116.2366955745917,13.892801757201472
53.91682923569977,93.49578168658509,sandy,50.833138515313706,254.86231709905556,12.62342053260898,35.84616676167729
98.844741383193,84.65982162878169,sandy,66.37317754480475,197.36066768996918,59.35264430540706,27.271968014917444
77.0395383181327,99.82284811178539,sandy,59.39703336003464,41.85861808769663,100.10413572280552,14.493369767175317
24.476504355611006,32.877991130573726,sandy,78.48238985187285,75.54723406658765,27.846495069515225,35.43269404222925
87.32399363538809,69.35054243560607,sandy,23.19571724941012,32.78038405048151,93.85728180780941,14.0888121763642
59.67263504319288,43.46041756809653,sandy,93.86500498482037,104.14747911437617,114.0964218977341,30.0003142310239
95.58605341889253,98.07574679083521,sandy,79.12597032131299,152.93342967998262,36.958897806979905,34.46390091516618
73.63540971470222,22.195403956094907,sandy,56.09722353258125,152.2697078996159,138.83697239541513,18.642082435690916
64.31675435400551,64.98274225632784,sandy,41.63760635059831,127.22059645312186,7.671263953366632,38.69098161567991
43.29982151698138,43.82383570875735,sandy,39.62850119469014,82.59250240134295,98.75408416759691,19.20388355025406
6.420885156546441,76.75074159808983,sandy,50.11755475250928,129.56478557230872,72.46147129465294,22.16855046807772
32.08368959398171,75.80362112578361,sandy,95.16358726236346,206.73875387931983,72.52242163774014,35.15573206790513
41.44272711081408,52.528316357268324,sandy,45.417786784743505,53.66880947700033,69.69513692839575,23.38654300025018
41.044147355544666,55.69337212134503,sandy,94.45689449645174,34.96114103745849,104.40501229232662,18.525164994909854
2.0261128204139167,24.954817593872036,sandy,29.478820188384127,84.6183900761473,46.127800901434256,22.66557994182059
52.903939348889025,0.09899939263861013,sandy,32.949548850299266,50.7307560424202,92.34513107614094,16.97457713561935
54.83977360347181,22.182330217467783,sandy,21.93834832700679,283.8758978493179,18.195764359750996,33.72963912724772
14.65468265101405,98.12765239932727,sandy,69.41281921359969,192.8297367185589,165.76529785511298,18.3457498324251
97.45008925422891,20.40131465540409,sandy,69.84572028496284,140.5229804582677,64.50390466416594,29.94809175674166
14.922772844025644,99.70690110762436,sandy,50.33000488732388,203.41309856935246,162.6083308892045,19.65193305809733
92.28643629251906,56.78113853543433,sandy,76.35175031819618,66.0256505687458,89.60908837961341,26.911275377272503
45.62473073876818,15.498517810605673,sandy,39.529526006846126,259.9580175232121,5.791126795904147,39.15195369404782
99.93900365145268,0.7482996106766615,sandy,32.88365462559519,210.389682745612,10.078460210338509,34.468168993008234
68.40001035610561,58.81463481140702,sandy,49.21477624168538,216.7526313963257,99.84146390632185,23.996438043077617
56.31355435851098,88.19072171389276,sandy,73.34666285523599,154.74266453330796,54.02612928206779,26.298778208459293
24.46271327590287,1.1186753086876888,sandy,98.93007340199715,86.18261933540349,136.89915837114262,24.521534976871774
28.360114960557393,41.827731922836676,sandy,45.95245313132841,244.5464735089618,160.8924925465911,12.793824818938985
15.357786694775655,77.66886763492903,sandy,31.835753064376917,276.1798043045779,87.00360071232117,18.42713345452784
15.70254973341928,1.1809088179004612,sandy,39.83575933287078,276.35551740236076,133.9400483017342,17.054290649535083
10.076152112137304,59.217874350566944,sandy,40.57203792246213,174.30896908741204,53.83642077466046,22.567434232992955
57.38453020245975,18.33181618695403,sandy,57.53067495776935,203.97337288710958,21.53458829471108,40.66440725488954
50.57246994541248,81.95279718843422,sandy,72.31243444968507,220.25025883620003,120.30999808679678,22.056177740830808
61.36054350469241,27.821715172138962,sandy,27.960771429236573,191.7189203487889,11.147271033457617,33.79941998540245
6.070718460191172,54.88875890065671,sandy,32.82704999542944,192.86201284420514,132.86534198502895,10.959559611703181
30.954350813762744,54.895453269449604,sandy,65.04086080690871,155.0439750923958,110.05913375936049,16.654231092477296
97.92432395867942,9.807982709093244,sandy,86.33769129624953,188.37639641157665,41.135597528544274,32.28093852413572
8.448089567707196,77.44178344487831,sandy,67.19881777944109,55.456337559010436,13.356934599518198,41.11061004355421
29.293590650383717,88.93018507672134,sandy,80.96584168241408,217.00231729737192,46.80581684241976,39.84363997989962
94.8147684514834,9.155983437056891,sandy,46.09301136028528,89.5348730019384,66.066022579312,15.367322312134046
47.424258142538655,57.073060612024626,sandy,45.13239104626739,63.85454844895265,44.84485302153839,32.68354273866662
60.241696215341044,37.79886731972337,sandy,83.19247853884701,42.72579392509991,42.65370277096079,30.935483559544146
98.53645621682222,70.60985823927602,sandy,69.42287491108434,26.37086545598005,30.964080351096037,34.19306991688457
37.97193264816657,92.42803836790608,sandy,81.17793753134063,148.030620021133,125.91851622642943,20.246103696217908
46.09808247014706,64.25258878885333,sandy,93.49316920490361,93.38553205994765,148.94172949593477,26.949817065574223
64.84481705876465,78.28381550557843,sandy,69.16849754019408,161.27207114194934,103.71431278751525,21.969421886996997
21.557071033021835,26.989934395634197,sandy,67.82234725040306,146.52279527989438,41.07194153762104,32.20921596100431
37.39218402932234,44.60317192298911,sandy,52.77608612391957,75.03431270110697,122.9133385922792,17.282169578419374
1.6257109892718447,96.4013702359797,sandy,85.2610889276331,223.9788223752459,146.00743424711288,22.57503094687467
33.748970638443865,61.09586784166986,sandy,68.70462473644753,98.50740892291417,37.28797824310729,39.19159559701549
65.93141959164528,78.09189910307799,sandy,80.87623836136031,111.97572872586794,34.48365487815398,33.435050549936165
54.68134602405106,91.90871279685557,sandy,89.98585234192433,276.9160411080026,142.84408070284456,19.782585035914465
46.549999716905745,4.747349743309437,sandy,26.68496257187826,132.32593898739438,43.29143133386354,23.35094172500708
95.32037745086485,19.541958841062247,sandy,96.75034178521848,234.23068108833195,107.67887291703754,30.097065851862702
33.1474323659124,64.64270380582822,sandy,34.93536946250123,282.86899394739436,50.701281113379714,25.618536325452883
71.11627981941575,65.64487180661818,sandy,56.10391346746442,198.92271453996622,26.794836055823833,35.33998518174141
27.061069519519386,27.283597667645733,sandy,32.97439479550277,116.40371213494527,55.650178132303125,26.47025560371879
19.04195046663495,19.30075361587663,sandy,63.33908573305827,60.441286284380666,115.7346973421243,16.308899889568202
42.679562166437826,90.11053131506767,sandy,27.865327290069153,36.81334752830226,121.18997142232512,13.139211763240528
84.30582409657514,5.681767839998142,sandy,82.15256439654644,128.54815151905999,50.96072229060937,32.566514993536536
99.6015755102527,6.366358931886362,sandy,86.16064116863996,200.86096975989508,123.49351463599368,27.726786049616955
85.84344850731826,18.37920698561083,sandy,20.06596934677483,189.5953344868982,59.448251406320104,23.512001259145038
18.613875410423887,33.17493124592229,sandy,25.618669670936256,40.65113058532398,153.89241081185062,9.634882828314133
98.2230697473585,96.43670083303999,sandy,31.405702586169106,221.6041832964525,100.93522137334763,15.88176700723739
9.619100001447478,18.856007863455805,sandy,26.13109291607052,191.13690643469457,165.7473007426473,9.456814803953183
71.07615350219297,98.45850415432811,sandy,74.24092433374369,36.04993247282934,145.6569409439084,18.5449117460142
0.43636215147153656,50.72341775608206,sandy,94.96120007010109,95.76593897862038,82.57421307287711,26.487655492193028
5.76926716664401,8.054494671311318,sandy,78.16087247690844,262.62047945409097,24.074204994418505,44.84308272333313
19.502946764482733,2.6855776926427932,sandy,64.27450959095869,217.4785967878531,108.84341678869184,25.51029785125484
55.501024593990536,9.409930663622468,sandy,32.34429749781476,281.2435203770704,127.93330163374267,15.574904921175639
91.66802844993673,64.93926171077406,sandy,94.25909184897321,139.59362834767737,0.6075291238700773,50.10436795598092
10.948732570081521,9.535345318286026,sandy,48.13619126802108,217.84947195507334,132.82899950888316,24.674139519084488
14.643617455697955,74.79016021481752,sandy,48.38415353100792,28.573170884743966,47.13888824950189,25.76257583698779
27.424553521810292,81.18701531875855,sandy,80.79411180752723,216.2768083634764,23.352853190060568,44.32667315604842
67.71759616633237,19.48376864813919,sandy,71.84751442252131,157.96570127601228,73.8108103918458,34.36593172167336
51.830427584516535,9.993180897236364,sandy,33.14027098034133,61.450236425559744,160.29019088376128,11.385209206264191
35.520432359600775,32.20806062960361,sandy,91.8600356142515,179.81562561709433,154.41886302079638,19.200903656989272
11.483467443194895,55.62184527241746,sandy,47.6429593432014,245.52437920995578,147.74313269715864,17.07478367846066
97.13590240855083,55.30130063444059,sandy,41.67363147090499,159.46826671967548,6.268129123691837,36.689873168706924
10.143505085442095,30.874848850300495,sandy,65.22532376039547,36.81815955289719,13.325239062483305,35.89444031652293
7.177709306076874,47.70828662473765,sandy,47.09565067366003,87.72183718801453,31.71485484109579,29.91438859524244
95.15421931502826,14.017974220333173,sandy,96.77449753393016,188.55968845565351,107.7989481010272,30.81361515722511
70.4118890354581,81.98111081856882,sandy,58.677492107815794,171.6736115665428,54.40293641385387,27.87386210487636
66.46401909262191,3.360996918625092,sandy,42.05080408666946,50.91321272267757,32.042162430216635,26.793112909671038
62.847663020491815,42.105491299571206,sandy,27.213758119159294,144.1778270263373,59.26113847219329,20.055559331975928
57.90266081990517,49.1565767336999,sandy,58.95856658439961,290.73164399661516,127.05742924617968,17.596791072335364
47.92226128889776,2.647910130496345,sandy,95.40074106558453,112.77284223601565,42.997765755964956,38.71508845473775
6.188547702557646,2.550156396019787,sandy,67.96951196102953,44.680237517036744,156.80924394994835,16.37426538142996
54.60540667480798,61.66389313959508,sandy,43.35155212201998,42.592449162275166,123.89335479222501,18.499962118399647
8.555764101839314,31.12231092042238,sandy,20.997252787030565,144.3597943329869,118.89039289345288,8.960847754345856
60.430730379892125,84.68742031139126,sandy,52.52017630136883,258.41232339163105,85.08751616372773,17.367422512016844
94.4145646660466,27.497087383711648,sandy,22.09611873502345,91.7353618126324,61.60351029124786,16.740853344767235
52.466750944357166,88.31268820359234,sandy,43.38705816877593,168.21191718877142,57.14334421966453,22.818368257869267
15.760151328847838,10.35102683100585,sandy,60.23962025900814,209.76908608551028,133.64823378324877,24.39829862885517
77.38497613190006,39.27100585609238,sandy,22.629413621317518,56.92730967292805,6.505397006471358,40.30292445023757
49.54913412686823,35.63174836569394,sandy,64.84795800531137,157.1675158355166,113.89439071314197,19.491137236589452
31.806414710867948,34.62144553610915,sandy,66.81182573130427,189.0189286699815,52.869585491038364,27.757951590772755
69.4045013186147,64.74108228760696,sandy,30.804064374381976,146.28651691073318,149.97462122337916,11.254321070944236
85.51639464842137,16.31781570641436,sandy,60.579890596937275,141.69251795382817,1.701728673365082,46.143793753347204
45.49252273343056,95.42682767606149,sandy,42.93951207833743,263.2258376893924,154.96144843126592,17.291422791374174
20.26777878677175,68.524743210572,sandy,63.91824532235681,284.7456581094721,73.79770638416262,26.674226330504442
13.828700149410711,69.86335686866795,sandy,97.92876951844659,32.79453690713458,124.3948196027253,27.257745780913666
7.478153422734934,11.017004510613315,sandy,75.3565678759767,203.1899283713418,11.563005773129277,48.510913865902076
52.34238478448924,90.71973733366126,sandy,90.23927047941635,248.43963648879557,86.67101456906278,28.934090989490258
50.59755039111325,10.081137780178008,sandy,72.7076918778741,61.8437352879771,85.87705770012148,22.747628552188853
29.951249027464588,23.20804606697878,sandy,69.60252341693364,241.36634580618988,9.626896362808392,50.145990635389
86.07676949546045,34.22690742880228,sandy,72.72032527762578,135.71858371844863,25.904068207858092,40.786262676911136
8.635967450159665,87.84721553959879,sandy,93.94318075276868,250.943612678136,94.50472428700441,30.006593228787033
98.46073766009297,24.79016898311829,sandy,26.075869272416597,179.53375399032387,55.23598043209736,23.138274569544183
0.7085354169948044,59.6239409547933,sandy,41.122696182049125,76.66110075298728,6.7925644740246245,34.64028257599514
87.89688723864573,33.66708075973723,sandy,74.3259368095675,233.05041493552451,55.120935943953526,28.38185291184132
69.1879659666949,55.92422287009515,sandy,20.079397124050313,34.649960628772234,166.46546180981863,9.051277424903226
93.7565258772947,90.23032049180276,sandy,21.635438651420067,242.7580046925453,75.79248499387397,16.95140474686923
0.6715784163385141,28.819930120056426,sandy,80.10590206330417,243.08071686543718,104.11205300405683,24.25850021353847
31.03625912878629,96.67639636420327,sandy,55.136974338736366,147.95952631705518,92.79190204043752,25.64312364830629
55.267156459741415,43.233542276755784,sandy,86.13719356817494,274.9890304445281,156.59452364898075,27.35168826504054
44.21485574644953,70.52400587918379,sandy,87.06588730367253,179.82011656825372,117.5968116661399,29.82073261115781
20.864533255599838,49.83745470217975,sandy,67.06148436840698,25.68143098568135,143.80170148069857,7.96387166277438
12.913633169820326,81.63570725758271,sandy,77.36455731524357,233.5323744525002,65.86313359279184,34.999316612007426
41.402758213236226,57.05091529455913,sandy,20.051384295989898,202.34010653641212,120.65353307749336,9.004666368159995
49.655881704361605,80.99364737117082,sandy,74.50981737321935,101.47036092300633,161.12432079743763,20.512361448846814
98.79389289124246,97.12613162688683,sandy,93.51277782480719,232.7271738369596,102.38413390749052,30.741357391883287
54.33514174237577,76.53765223943273,sandy,61.66857269644542,263.7657603115559,18.422191064205307,40.21893107343117
50.596441859365726,43.23252958691081,sandy,28.686923825724246,67.2202808622734,140.71970519972183,14.447262710693423
4.872242675272764,1.6491258977649914,sandy,57.87803215954612,70.20414962922202,118.46115892786926,20.953950607268496
22.82967084571056,59.217694488178076,sandy,32.35557147883088,108.48522918845643,149.3176430224808,11.841872888308867
88.58886951442001,22.524780417950694,sandy,46.40194745989328,154.5118380756247,80.6534526326832,27.550581104300505
11.44453189711301,85.19650356015907,sandy,89.09456315374962,177.1296236728915,57.79824426753783,34.278529062371156
29.24677048065638,79.91074484399395,sandy,59.862332696826414,279.6065991912989,104.61214585181536,23.626935277906853
71.10693539776523,50.39329644302343,sandy,92.36050803355577,75.72263924388136,163.52257886931216,28.024111477900153
86.07333618648696,48.290783237107114,sandy,86.97612394700779,109.36287298373142,128.00729399878142,23.711696408393053
30.70519159625087,44.57326633597328,sandy,45.78557745147375,131.4297067966505,137.77759712366125,12.328904233580252
74.52811721545723,7.371206911165185,sandy,81.25912860120486,242.80639177818756,67.48539428441698,32.602055336168135
91.51384037450991,80.07129735545269,sandy,51.235720831756794,158.1587164270177,130.9320675240153,17.974363409131485
80.38827403088735,32.80711425609412,sandy,84.47924659084305,48.87012192144892,7.4587458809791425,50.30287049637983
86.94571232346891,88.28475034662038,sandy,96.1023958085294,145.53698508898415,48.18837318626557,34.90573380504594
50.120913353846454,22.004832047660784,sandy,94.84406853914558,26.10086967176425,24.057051940844424,36.27174089159885
19.895671159319505,22.57784365797103,sandy,72.48380840489428,115.06582153611603,103.32409615976671,22.484774563784182
60.2556765525702,69.45327912863814,sandy,49.240263857708584,68.92807859624502,53.858122491584226,21.697916888640037
62.181138445313714,27.75111194340152,sandy,56.073221372968305,254.76608529352345,112.29851987856995,22.604823178566512
88.5162876633841,67.24395722167903,sandy,71.41837846328764,77.18623773296123,17.873298746084508,43.16007968181617
59.88583701003527,41.56834091464291,sandy,67.1216656728174,41.99828929472173,138.11738201588994,14.548336901464191
80.4546006317947,53.43784432636106,sandy,42.125761092552224,33.30773576656938,137.06000369486975,12.698900454802626
5.180511563987345,75.58777308258809,sandy,48.00345778983831,132.06685153770374,41.50735466316079,34.51903009471892
29.732952610653207,21.019256975102387,sandy,44.73997810689249,80.86613317103416,53.36607709527485,27.810875323726847
15.853002911945834,41.70528833961479,sandy,90.3573484471901,40.754955348628606,35.729350735685145,35.541615905691586
89.00146741599217,67.94508332959413,sandy,39.237884327619035,140.44790429034109,35.485127065578126,29.750833603143555
37.99983945138915,57.58216050703502,sandy,48.79461403718442,192.97675137814167,49.77079554372332,24.495588656654714
79.06735916446095,87.83147308938581,sandy,45.762726522484165,182.16684536995098,46.731263693901035,24.76943830616657
73.7857181360408,17.100348323615034,sandy,54.057001899753374,158.93751067926812,30.991226142089793,35.250487092252214
34.80130146710706,95.22859075503185,sandy,69.21084719907371,129.88781281079818,6.537017890068108,41.790615990302186
9.225764093537258,54.25440710475263,sandy,80.15604066173944,141.48597078106624,50.3011311291761,29.682815067721723
2.4777875161596796,43.00265696455212,sandy,90.66762165623743,92.11726416812735,96.44132497134598,29.447456870549974
6.082986750136143,15.31003758033771,sandy,46.50214347356537,209.27562289085688,73.75789885432027,21.325194846879068
86.75978655731925,75.83722765985429,sandy,99.37977658505993,232.44929390120365,143.1661047612517,29.090432450688542
73.02657622800466,80.18018166558906,sandy,94.77465822939281,155.68202909473047,107.23222001730731,24.569524040942344
85.1036987192073,43.13596028715073,sandy,85.57814169157864,244.82250814071318,161.5968650299232,19.563873869528123
70.96195098859123,75.69194976474863,sandy,94.90227942437326,274.39816496527106,96.35234476701932,33.141335899463044
16.72912284042294,97.49627024237711,sandy,40.401397016274146,224.30246007410534,133.6935608072925,20.981029091026116
21.119372002905802,18.896038421968676,sandy,88.51968007212734,165.45803385584156,15.143012982428806,43.34139195230631
25.01710528050296,87.63947507508793,sandy,44.76574288239802,80.07447827478936,14.256218517228966,38.52533456991128
45.07375878182873,75.13121446031428,sandy,57.168206975442914,119.54939145420204,43.958025826334605,31.587650947164715
92.78479018278139,16.50786020878123,sandy,99.05411396457201,114.90285017786181,14.849559550139574,43.129224971487474
5.8414379554618705,79.00297691639159,sandy,61.004233003288434,117.67132018837026,111.2243335781025,20.796649035661734
93.98720892275902,96.12605167483797,sandy,74.45470205323242,249.89937999214635,133.12741685631,30.172148268211387
70.4458288033417,7.82590076835702,sandy,80.64168665202456,289.5040769779011,14.275758525124058,47.170673409646675
93.29800266492713,22.618888980206208,sandy,61.9848950087363,280.16101200232185,161.31796875985862,18.707625837150886
34.90042255554506,69.81446411508566,sandy,37.724679950874425,114.31192287448222,3.9128980807884703,39.097114767575476
56.23294944177438,65.30900663041828,sandy,71.91294648766696,239.04912946400958,69.76727750811696,29.211805867129556
1.5580700042524986,20.66298260523869,sandy,44.99102497616298,74.00688553212802,3.384271211429179,42.11889066439833
66.60995535675724,62.95854164725958,sandy,94.8546911518434,244.49628013426005,95.38302762932013,30.636295065059766
56.40718189251569,6.159506091418077,sandy,54.470791792868226,132.32112296047873,71.8727199729742,20.148101664735197
68.58304476238237,84.09444672987794,sandy,81.4813594079182,197.63182634249208,90.44192628794623,23.248232713731667
72.29339986919211,54.49829395784974,sandy,41.65928405311095,115.15656068469646,157.18194012691654,10.449233756922649
47.59124346575283,62.09217397084077,sandy,53.09938599885256,154.30012513082946,48.77195512688863,26.50435865866593
68.55922324379105,3.994192508646921,sandy,83.60219258369239,102.81937373686102,114.67004529665995,19.754998009319195
65.26280491413054,60.81289162558029,sandy,96.72814704556279,164.79464474123247,123.02961140657905,28.76659383698766
23.626757727833038,28.33058391868256,sandy,53.92136785255743,101.36693087738254,61.61284062023323,24.117527393042533
60.3864560938344,21.98900427350616,sandy,84.34334927013498,145.32249811216377,118.64901076278547,22.15134764479508
46.99653941243669,2.821953217732831,sandy,74.07279934524519,119.52027117419414,159.4744727697792,16.033977647417608
56.380589801772686,25.73875756946147,sandy,69.60901031578723,153.4366462866395,62.265547932946326,26.143946077632002
11.152134397145531,11.987913395667327,sandy,99.92320140044426,138.38544988573955,0.3241909227210291,59.673257348362526
1.9979924229812651,41.85861255545337,sandy,77.39820687765247,276.51479220223445,119.76489696059298,19.527127200751785
97.44420389841034,3.9319383033270427,sandy,98.95137620304064,258.5826767198207,156.06024287722835,25.930336503787334
14.245807228426976,66.33152793727001,sandy,61.2687550388896,168.87118920470434,155.33602198518057,8.803144078691023
31.10638351045899,40.0066556417876,sandy,30.6796668073481,77.88636107581456,24.082811795202467,27.056278647426478
70.48734679721188,53.03450176108518,sandy,49.94942669020566,208.83592983919638,136.56809841288785,19.656556257638115
54.701622820633354,81.98851218197008,sandy,60.904476273015604,155.49577452666998,145.39255174451284,16.49109930459196
39.59126790407023,30.491134528491614,sandy,61.496138263569335,174.8337592646017,110.95747241215678,20.821071306240864
21.783729188359935,86.68420624138759,sandy,47.68006937904115,278.80944045604804,34.83535994844457,40.00795127526008
53.661509352945224,82.86478479269952,sandy,31.108110940066382,275.2327225523019,89.27993292490778,14.210416778412505
51.016629329776706,3.602490683626647,sandy,59.76725294452785,97.4761572361724,57.571614303475684,26.024251622144433
49.769712947410596,9.321821266746044,sandy,25.843301980940716,76.05586629477685,32.068704624133574,22.4419812258171
17.78144640455428,88.17194232747705,sandy,36.78085284907305,50.06114749225522,147.12533074842068,12.978329759885153
42.54226298337358,95.90263840124423,sandy,95.54953753262191,221.6021445478524,11.581743891069191,44.368973423038916
98.90779350422578,94.69162284239805,sandy,28.480199401595428,133.89100834985138,53.01017331167701,23.907968160415123
69.47983112487609,27.384836436023676,sandy,47.589264250023824,49.848691092889936,83.65854987481582,19.181440062182038
43.20904235794891,14.33422221033015,sandy,96.30799119601166,64.87019662921422,87.67704184690638,32.73975361280338
7.6361803472609235,20.230861884209816,sandy,24.38192859123489,63.334280358271926,82.90533850422045,14.853716671406087
8.733981507178346,44.10186239042685,sandy,66.49976182826816,89.4120609580419,62.50917313469226,22.376259741871703
22.013108023309492,46.675292591894,sandy,99.23537431402578,298.9728923082617,164.57644242888037,23.683323816341716
8.068037841466502,32.35734372493335,sandy,39.017150029678184,28.88480810021001,15.999246528447067,40.36949460184533
33.9662463804297,18.035372163448304,sandy,77.28799765269977,123.20678887157011,143.11379976541946,28.379477014411215
53.839349008662474,18.413921714918246,sandy,59.62404931086736,66.92828996905621,27.145208894415685,31.98020712872789
26.378604217576672,17.236722656424732,sandy,94.38146001080585,36.82589395351405,94.94488293290904,29.571970393382962
25.06088744030598,45.27717451128178,sandy,27.019022646610836,223.34929012906855,37.245120927306296,22.656953737263375
31.487847827750304,90.2369920263142,sandy,83.71733186268341,285.3953800617833,109.52967413355836,29.68329577985207
48.003099942621695,90.51863233669755,sandy,60.870171941626324,122.64151946863178,107.58300166616775,19.11895826195553
12.401981530989548,39.27254139124295,sandy,45.0660328875584,257.87928812806126,63.64554957148227,27.625707336736482
44.23895939009456,75.350056344561,sandy,30.822554280895194,279.2788104060772,80.73406165421827,20.46728913310139
24.148960636480687,26.50772885749719,sandy,49.33793383343741,222.3178714857946,159.53331120733333,18.17978707735244
54.71662709441007,44.85978080171347,sandy,86.25555736300932,258.6557306726692,49.23032930471352,36.134180509944755
39.51153632063821,80.00780691915278,sandy,97.34559024657867,218.50597773529307,27.140522043800544,41.1808177196313
11.877712309557841,78.91420398689263,sandy,42.50521390991064,216.18407634150512,152.8950652538734,16.84232673245092
39.28578386011667,64.71187880735663,sandy,53.57268742476009,73.07520894679669,4.884031180357896,40.227352806803495
64.92090265819203,57.39842081524886,sandy,32.499299180851395,148.94069706353133,62.071135758450474,25.49265423435666
72.92712438603893,30.965203002718432,sandy,63.211356186642334,278.8864721991445,90.59836501860184,24.27219305041782
7.32459861675514,17.813414374173632,sandy,28.076095943849076,235.32356079785603,140.4347415940295,10.042671142544483
21.927175092309103,32.32072894927829,sandy,67.28620935630684,195.99395329500535,115.37466503496488,19.131204761407453
29.504014049653815,65.87589892067757,sandy,64.77782766221537,109.10524111345595,152.44575134773712,17.165351214321124
71.20010268320515,72.7873713022602,sandy,93.22612221519692,167.60966289662224,54.03255282083331,37.35986082943934
77.08102818323927,50.031561441947034,sandy,81.42859005070488,98.66579057124672,99.0370635077826,22.529382713278622
31.79845046165125,48.35499824307432,sandy,96.08358833383116,244.50825654222757,149.02255541553285,23.166624164136536
99.65052596345588,15.256560468381297,sandy,61.50164665730472,156.80018013146858,134.1366080544226,19.585032204089377
73.11393769080597,62.68162361303028,sandy,54.1943352678803,165.3396271958269,85.56245262177006,23.343271164627243
50.30458048276777,85.59708001741248,sandy,76.74192089137986,243.81987108437633,65.60147828111153,28.511290378301045
3.3483568997100477,38.29979421693436,sandy,57.95328359141152,95.18244738974745,5.248484470429169,40.36207183472885
43.50877508488432,41.56781931122342,sandy,39.99894032228071,172.9033597244547,73.5884992534829,23.141374102912703
58.0871348436382,0.6324647239735359,sandy,92.6156722830738,44.549034159897346,75.75535754908708,24.97608602710303
52.378236936987534,28.023010879713784,sandy,88.80051984500831,133.99895433966557,107.31093336909747,19.08402773816374
1.9406150494017504,40.41545356132761,sandy,62.91891916466321,151.3754665969813,161.61841312156847,14.269851498789407
99.56698006253953,29.506009031397195,sandy,83.12426236857172,177.77857857531882,102.7757395473479,27.726259111297928
65.3987199751117,89.88168923369179,sandy,78.06001877753977,60.03118347430627,117.5031833341485,13.558223848902447
91.87979929823425,80.68344471904551,sandy,28.330775008578016,61.82680200472858,11.694648302165737,30.233078381789582
8.077175920735302,72.3678336574694,sandy,64.18868651603462,254.86837982711415,47.00569249678114,32.06852357800751
11.747968591054436,88.46100026502805,sandy,34.000396983187066,53.149619121361376,34.448500551894796,31.657152301694275
10.58145276846828,61.44274948381659,sandy,79.69450404921005,231.54731913278954,31.930228950166033,39.549085185368064
44.88063837722176,20.24853452445461,sandy,75.94166472111505,123.09051990524077,75.49146209356618,30.103131733614024
56.75502865481917,18.552418963190732,sandy,74.31885287319497,44.571426200670764,163.95029150326232,17.912418444274074
18.172956781192617,1.4094645461855793,sandy,46.7570313764175,67.02364761435703,36.693103964083726,29.109715966820087
60.32046600508495,17.64576530288995,sandy,64.53275205499591,95.33967969187314,164.001745212159,13.713150022546422
73.2318422167815,77.29970261914274,sandy,25.373021116616023,72.26407516362168,64.56351872946487,28.212253675324767
65.53068500072905,78.30128354568427,sandy,86.2498230670016,155.9782493480123,85.47724731394486,32.54233243053514
26.33423587356264,85.44897363655244,sandy,21.662945958067326,78.83719060767429,134.43359043013254,10.121955435029836
14.983283269230597,18.675475571140332,sandy,62.46051215488556,257.69992056987167,11.869320249546579,45.26838798860044
46.51681358368431,95.61874150536347,sandy,42.320784273130116,288.7718982434383,149.13043766712022,17.141550056714046
81.69480642561467,68.58673025688188,sandy,60.945791112380576,141.30193933679055,137.00446299547673,20.1434199255648
75.69363359425591,99.82559512152959,sandy,58.28099687531071,246.90381890047686,144.8963656532244,14.431667839849295
4.206644205306098,40.47484021885796,sandy,88.53893475494208,104.50340232849031,117.60170588332724,23.4361167816267
35.53644323202377,61.55166947581512,sandy,30.38057520578695,271.56690084054435,26.254028155669314,30.158331446542018
21.638930868297468,99.42786739158407,sandy,68.37989706364726,48.1948459705356,10.966575392414855,41.158794753946815
58.989274729095186,80.95792023273852,sandy,52.23701934164046,147.32983380251198,99.0003342156575,19.561840019151838
68.80617331012702,47.17857201630265,sandy,77.1088548051254,299.2604542003244,58.850037497792506,35.145645787134754
12.562504555165477,55.35141849869538,sandy,47.54062297157216,283.49521326887293,105.41094313804034,19.442526247757637
79.80395012720187,25.858987104909513,sandy,85.57908322258878,25.84180383762556,104.10579683880057,27.56857814998453
78.785995203387,85.36341921473594,sandy,51.75637561372004,251.66571017753472,92.5397197250848,29.896364329672988
5.891533933580351,20.155169717439215,sandy,64.0771532410842,41.170290901461854,124.56306350673582,16.255005511740933
92.03623612948049,10.176845917980593,sandy,95.17761984182401,43.59550209805612,79.64144427587297,32.048371494903556
7.031113856445536,1.8231072988983632,sandy,21.995817496532055,165.59931584490923,136.3482530922394,12.848763723154962
12.461025407954063,56.854685504979166,sandy,38.743648064953895,225.8087771648403,159.53874521369397,12.86124843048091
87.71753663789164,51.95860575716703,sandy,86.58554433740267,75.29837559633765,11.482445586465401,45.24718878697558
5.1952503758055935,89.24814191396806,sandy,75.32433176859348,286.8551994874508,52.73295826062359,29.47613500173511
74.1690365045119,24.277898546082056,sandy,63.34790560893335,206.35350062650647,164.43985394710293,16.59913711344171
47.53334513833103,58.87707829895721,sandy,31.72985142914822,143.79066566979654,47.71297714441826,28.410586934659438
51.20419334634545,16.56330810123454,sandy,67.24299268685786,71.666656366513,121.56394716527394,20.09630172434465
89.62851007761495,2.620935654880885,sandy,61.75979096365887,113.02881061880039,37.812856330131254,35.659907420458744
84.20195363242607,91.52772055266487,sandy,44.25988945182766,67.4169960761446,120.98359519113961,11.152199662473121
20.10161486775599,76.02957880874366,sandy,61.51443481937129,204.68367986453708,60.368957705849304,26.832763163682174
18.03420983749422,75.6515867645341,sandy,32.56090593214335,239.03321355654188,134.06531962061047,20.51565148423547
1.9422788058740426,27.313321260667355,sandy,57.4670194233451,188.77470414711883,154.42931269400043,16.97437121612967
87.5023318773954,16.342928813683656,sandy,49.702439000690156,39.37755297586382,124.73820089734454,15.748261403726566
25.702001564845776,77.52332521932148,sandy,62.7773373938168,28.842497840077204,0.37551439756271865,45.71027178896229
30.495551374919483,18.031144599517713,sandy,69.08751501728888,87.82002972229245,99.49080114707125,23.308298164149946
18.674621766978973,13.810473786874866,sandy,38.94884825018305,33.2038297035709,51.7653296220931,26.72463155289474
83.13621258830283,37.200375671965894,sandy,66.0666894865443,181.02415372886608,139.22790658454366,24.041546785542216
29.638748879301236,30.17854337456115,sandy,23.269599181733945,111.53916240452784,147.48951446678518,8.189629315770045
10.96353457685504,45.80585416184314,sandy,50.50791212701113,159.57377907143166,93.19288004185776,19.610057248506045
84.22422479211608,97.36640731733385,sandy,72.27238496029139,206.62436558567654,88.70061611555901,20.47274210675691
14.89778241795211,58.40633426960507,sandy,23.595312280736565,251.7382061152653,70.7131655110634,17.45909334280854
32.717085847590575,96.93538886985864,sandy,33.99335622165751,66.60965090568307,27.809292259565066,30.17487396299254
99.18953187295983,23.54751704017547,sandy,92.44939176539903,101.61955378224741,108.84718658105044,27.651713106607676
49.5653974576189,65.45699662789818,sandy,62.90558217781029,90.40473084249255,139.1874873090098,11.011833123537027
45.91960956920653,63.59192651892537,sandy,83.23306146764581,91.40949167099335,145.22766416403596,21.571681992634147
77.58308035152388,11.209923242642205,sandy,43.070936273133576,171.74548183346363,88.18691207832494,19.88576016069318
99.61272576386072,10.721084586014062,sandy,41.711050626002965,123.33950781134585,80.45829251208085,18.176250103079376
85.61950631484166,77.05593027850998,sandy,21.508126323036265,150.13098416037667,103.83640482500692,9.452845385525972
13.064525602570232,39.74740836906482,sandy,52.93245561037889,76.62187867368365,127.05959523112018,18.11514446442779
58.89872905686162,51.573018095876755,sandy,90.1941663373111,58.5541062622805,19.196185386581305,44.01263452238266
43.1214968125835,29.85422487521395,sandy,81.0549665916195,92.4481068550574,14.242156785737114,43.6660819798843
77.33792881384841,85.05619435867413,sandy,78.66758786906806,178.4188365874296,121.66420589386168,18.623120492147777
23.436663249506083,55.075889220319375,sandy,81.64874661107456,112.20818201566301,109.86748864844448,16.48419786372311
50.315885094502,9.005503778215973,sandy,73.29737322443039,263.063934722493,23.76045638834495,46.0648699449712
4.866745484083501,2.9631885976391104,sandy,99.1726797337395,160.70466478425578,59.72719513072139,36.59502573495562
98.00126449449591,25.225078552168366,sandy,78.05667165901946,103.0334763466318,11.842236899962412,44.78141957569133
0.16308476298648733,67.57485115605695,sandy,40.03012791918585,230.17866381966283,129.31802811490908,12.09494554469805
2.448344146761039,70.37366196437685,sandy,99.21164912446105,91.72197634454629,46.07208013385687,34.899070223367055
16.039680505608057,66.05836755045516,sandy,80.40211020004628,35.21918200032322,93.03203183655799,26.225238502627573
30.34428973917942,87.63446693975172,sandy,33.01997754398851,125.15354511411165,142.57633944075133,15.71042014341434
82.1374136327675,7.906917736795571,sandy,59.1383253751992,45.715932172568436,113.88780229033439,17.015671130175356
84.98585482468029,98.12622507439887,sandy,73.76125778396695,236.49202630600558,84.96739075798334,26.577563074187992
64.37583821994626,88.35514062513434,sandy,38.83616136111047,161.60288969746767,122.60957873871907,14.178646455134635
21.133979326197828,97.80427404056374,sandy,54.768828858976484,74.9992495540372,55.68593217289301,30.059055697368468
62.30852574702212,92.30146590477524,sandy,98.92720607376728,204.21715870055593,117.58695661401775,20.328525302402277
85.7158595448749,21.77983352203149,sandy,28.510451944877406,292.645397276854,145.17529770584943,15.97244415687028
67.51707163810492,46.701835741319954,sandy,45.85025649163767,103.86290795908108,22.85261079711229,40.58521950785391
44.65966901175078,51.218642029994434,sandy,37.22857339835236,283.1179344626431,107.28332098353097,17.045686516857373
10.927116603275543,62.28509658561748,sandy,87.95694549153289,116.00321444897833,32.78405241484572,37.027475482657465
27.2933726749799,44.71989649235352,sandy,46.077088222346525,99.60036999469762,108.95006613206317,12.071781839426041
34.036377813973,68.97519659404749,sandy,34.06797994248048,85.7551621085509,33.71199306937014,27.79567995194642
47.37677518315727,3.8958789416123185,sandy,41.83518494199201,298.5709417627922,154.29056351357036,19.00479502694033
31.000243191393274,46.37045822685515,sandy,87.55308373273948,245.72763388310005,21.208561343135404,33.308420881034706
87.0095389613772,88.20849990955023,sandy,28.589267974922414,182.93175419052668,26.15343311701897,27.492682771062043
91.64332479289065,45.47692924755936,sandy,26.64662197536412,184.29490387100003,68.63080058282358,23.17207747226492
34.03444639263877,87.48972004725893,sandy,41.89603261078279,68.31734986938864,51.488703389521426,27.73161794443297
28.12459668742413,66.01176338820306,sandy,31.38263828452739,55.62536751631169,22.240728930730867,31.762589624885596
87.46354118429396,94.41151154965281,sandy,23.724892138302902,234.01973992447358,123.84149344848922,13.312975311522976
45.30821208098273,85.65751771491905,sandy,78.28749140303191,154.69654884106325,41.08655767202669,33.93556199355859
85.45268680421961,39.995123106749084,sandy,73.48683566567874,135.0583058235645,80.38689760776946,26.64899297611184
77.5725814022278,97.75059841289311,sandy,55.54929301105859,119.13662671809162,62.76328908736174,22.431571054677818
29.69387378177227,8.644741326880624,sandy,54.23154105433977,71.02324906053845,58.19633332370066,28.931411424398483
24.592765058913603,61.1894621342069,sandy,92.09451353988902,180.9055264331254,32.55715894576533,44.187091907458495
59.036920718406606,50.66111397598535,sandy,31.889586902152303,147.86899478990645,91.23520474492173,19.901613313355433
61.244551533985195,7.016009948520985,sandy,46.928562685241346,246.17612901383296,43.55984655257011,33.96860468008313
41.002971371031194,31.64601424152468,sandy,93.29053503280215,119.39697247210547,39.76155144981908,33.960718855468016
74.5944355935815,68.17997136981974,sandy,23.962795365350065,61.08136419683835,107.24111392002335,15.69121983384623
22.56379856303591,77.91385153436107,sandy,42.873995906955415,44.6865080917769,6.120567148056665,36.985499298157606
61.7128577684646,86.8885233391803,sandy,28.864351602611144,79.08502722928148,89.00650263245515,10.183045694834258
48.25374512454946,92.41246489842155,sandy,63.59133230917497,139.15816791832088,166.22590432555714,14.74901992308469
93.2113448371172,50.1661842065483,sandy,60.30050702137105,278.5401919058825,85.23042857163568,23.041966041201157
27.2488592117199,65.88167668174208,sandy,65.57160727838092,83.94499516064035,119.18136973030256,17.105940696159614
39.73338842065408,0.440092190355057,sandy,55.726492014095015,26.665982210819227,12.599746202238695,36.71654506697102
8.19198841853277,27.566543378716624,sandy,72.43930948471747,109.86921921759023,167.60496381241376,20.150789028602127
58.53099045855237,96.69471386349304,sandy,89.44138355460177,112.69709268113394,125.93216932553197,21.182512943528803
68.4551424378741,49.108182649458044,sandy,21.346075140225977,100.41320115735195,160.50421252391376,12.9868188933443
18.145445530144066,18.753144657220833,sandy,58.33706117135592,256.7285411843971,127.3442965424022,18.994778810454722
20.872688343696055,4.606490010219111,sandy,57.01042555861848,249.06322084250272,122.58657492384471,22.239574378676398
59.47026719176003,43.624652094621766,sandy,66.32128878321423,167.31394220822602,114.4023888210267,22.96142871031307
94.06109981675586,42.80281815816862,sandy,21.273304243176874,90.00272223747075,84.1019521619182,17.855338919064476
55.23847893120535,71.45520982700822,sandy,41.971851409402234,207.84851173640624,118.27742188402775,18.243827786512615
40.216909914632204,17.892478565644975,clay,53.1189901004299,241.37448021942842,152.7074649323805,26.23603833494067
29.93703433542988,68.22897186597314,clay,79.21169669568032,116.35851416468215,138.86004073024384,27.611904447594455
1.0753717600025525,12.297077263205258,clay,32.48066782620078,266.70548406062335,71.39692597317519,39.3000222024692
42.907511598681936,39.48408927006323,clay,44.11693343904136,62.922385163290464,110.19379761161194,24.35552816966065
77.54244526726744,20.16880132804536,clay,78.50970457066494,246.53617906625342,21.054769642107726,72.35919536709578
94.95727706536599,46.30468067525807,clay,70.41883959783907,31.396621033486134,46.8233103334651,52.87485816739088
88.6218313389404,27.143941756437627,clay,82.01530558869757,207.108555271143,19.365488991365154,73.81842674531184
23.786403643861973,44.25275875732855,clay,70.82673944380674,144.19043276483933,41.082144726303405,60.841609263317515
58.447109471148984,51.931390741569196,clay,64.35356779567827,86.02267773080148,114.31241826353265,31.101290846868938
36.34678197300196,14.973420826677053,clay,67.74698676403571,190.7327129002893,57.17050813597676,47.96307561582515
84.54578987154284,10.905430648243131,clay,75.60307102479345,133.30455795088113,167.95209497856598,27.24498994246363
28.052420541448942,44.21062945557275,clay,41.49721189445305,215.2981757562914,80.79256284648874,29.038711757807544
50.63740694865626,88.87877663650384,clay,83.39165174800422,162.17795421737577,48.46675732784721,57.008161529371655
87.83828771868954,71.01669404986963,clay,65.77306425179668,266.8445276372588,20.443968278847034,75.51848599004958
21.6712312413232,12.0577441015987,clay,57.24868080055465,131.53305568519727,158.11716636663115,20.266332854395763
81.49022590520025,74.88270004683447,clay,73.4339096046829,278.1101300640164,68.53133185606548,46.56764954736697
27.576207549506915,87.97764560608708,clay,57.95057063290944,118.87216360244538,36.306825253804746,67.29347567676243
71.66653704645289,28.669202545707538,clay,80.61732166501233,198.19163804935258,132.3105105066703,30.689142846522817
63.102814473304534,15.373527948884192,clay,49.103758573170936,224.19902608177034,106.12028877742922,30.21628181260559
85.83426720925291,5.335098234518187,clay,67.61725508133196,295.55063756369174,89.29279494958176,39.661263626110454
59.518097318910215,78.30883149229926,clay,72.44753082842297,215.0613039978204,38.27227338251252,56.49787615710924
23.790988666433076,98.06402751425881,clay,38.22297527689638,90.08810098935548,144.25708424128916,15.474080514165731
36.090279349128295,71.4640161179027,clay,32.69988641558106,68.74473257756311,81.70821510879198,27.16683742616955
23.565795556903357,0.923892141851268,clay,49.63596729583584,112.51890252006089,5.234176218880628,83.00486170077572
62.6655182003354,7.0800471773658895,clay,45.363325032756244,265.0215212987344,97.80406746508918,28.93237400179644
46.510192846409595,20.827999443580513,clay,84.95052005663423,276.3512939990161,152.99155909800731,23.868149285297054
31.07402677764569,16.06227748095368,clay,44.576090690585055,116.52147733371508,106.36176382685876,25.91122550622061
91.93969243677435,10.309947008530996,clay,20.550240882746643,260.10991037339664,118.23332770469635,18.094595757491657
59.5499705910118,22.354410083923337,clay,33.47117189163008,154.56601216314877,59.335555393121425,43.508834883467095
21.81491845610315,66.29277005606187,clay,81.34892162422506,70.82493933283047,7.368191614209884,85.67893392297742
77.40240859924371,65.07798355741427,clay,76.1505376331673,135.7808184981763,39.47085160251574,62.91442503393558
20.43656937491969,72.62286969850658,clay,35.75731647675816,105.0973983464439,85.0995227582649,33.84934324547337
60.08493764070294,43.744460049991694,clay,93.55786468080731,255.98187590422677,147.69105980775527,32.88133100970119
63.50079158608064,60.919868371594866,clay,54.7907323537165,113.57915029349722,99.45648509141022,30.986123634407857
0.7456431423803034,85.16418262967485,clay,23.713923582209773,169.31866634168998,103.31794417554038,28.856702409749975
89.57308382651483,19.0095771748375,clay,90.76119898933398,234.82232406658466,40.444816192064586,62.47892915947007
31.623271018623512,39.79505662702747,clay,39.66277411991388,299.69517590746636,38.58159248824961,58.00508935057418
15.911774709047277,98.02446252759475,clay,38.041876662646786,140.96435256548787,93.83876321700829,37.60742990404986
81.68200674791012,27.468553268082985,clay,63.9415921281331,176.1492979406429,101.24362959073189,35.696149795428134
16.861876183156788,16.11922429233642,clay,44.16410075326815,64.85139313604346,154.88278189008068,18.685685131839104
62.35751477026844,35.74881753981208,clay,42.099691282712925,163.37372181385857,49.44625977225205,54.01618040049051
45.275087427085715,50.57336871843555,clay,98.7451209425471,86.41371174453364,81.97999570028472,43.61175268537803
34.99992327079726,71.73107187064043,clay,33.95697150084597,184.87160957626187,70.0057719594252,38.92229499731311
93.30752414784446,41.36031402928864,clay,82.7141228600933,139.48620940124508,157.47653402523582,24.799347431182824
41.223064968769684,75.88642402592863,clay,47.493385222468554,125.19819461717432,167.13029313358953,17.036027579014934
68.93804536701481,64.34622341536098,clay,86.23393177252578,262.0019023464793,94.62703025501202,43.121787431012756
2.2800247574969457,61.44032510643201,clay,86.03750666124957,148.89844651570635,27.6706316024652,71.05815357528734
50.998892951186455,83.66812189776665,clay,33.74025168547365,193.3412158201164,126.56592714369164,19.97402072958025
11.67036916788594,92.63916341645574,clay,68.11740281395836,235.84293654387866,9.034151207517317,85.96156116467652
62.262967408079376,30.683383987284017,clay,54.53201664810021,177.43198720188946,92.82805388186063,35.55312793755903
43.948176657889235,21.381815479223086,clay,93.33560624682798,293.55949728391687,50.34067858714761,61.90648409115289
21.95041509483431,47.77522553529538,clay,89.96044792905427,162.5099591078509,9.305866368170005,82.057119223091
22.739094562284855,84.27712776094289,clay,69.71844460281152,179.81340979123016,53.58689155388387,57.46637414611937
33.117824496213245,83.49444126529467,clay,91.67228143807073,157.9171286344376,150.24059727276475,29.73299183817111
65.84334261832758,8.796374852438626,clay,57.91473712739151,84.76624559354568,10.544230692341284,75.67865772805325
32.47521164408084,58.95305945367628,clay,56.41842781209259,107.98655709286142,166.52160517041017,14.272397851191256
12.565330683749687,41.510742666849474,clay,71.90775471948886,226.7099693207326,61.55052202479438,51.13730359484862
12.415001291067828,33.18126252577047,clay,77.3146540604724,197.06276732160316,140.65131609675802,27.72558859412045
17.439171782304854,4.849458227196646,clay,35.369137939936905,26.177772924057127,84.70733068204953,32.29534222765973
65.78917814059947,38.49124472010435,clay,20.25661525481472,210.3200674621002,9.120902741649314,74.09392016931595
2.265398770793736,53.04751232566325,clay,91.59343059084166,182.43463334191455,102.21401341938024,35.39444493933278
12.240884773046702,67.49271008105595,clay,90.42839056102521,292.910729029712,74.4327358922023,51.311221797564336
75.3309615596317,54.287428809531455,clay,40.58437235640244,72.34341836666832,28.59869049958094,59.73495938980436
17.01244056156501,1.9718944011485773,clay,24.1671019975752,280.71824958706554,12.257505314902806,73.27482028687858
45.11884455335324,24.510028233503256,clay,97.01550817379982,275.52110586189616,67.99686577677288,47.495991123875925
37.51136530755702,3.7866116643128223,clay,43.427747140376695,58.73520414329563,17.198215442540622,68.23276820543853
9.876485771356226,10.293132379526359,clay,58.44109718554789,146.62765040872566,23.122643902238053,70.09796895230423
19.297444176784385,23.589225418204073,clay,84.0198754887094,276.7455463949841,68.19865877797892,48.56798857061807
71.24812837598668,62.692201570468896,clay,34.731214935472735,54.61450863136187,73.51879763004854,38.73927103564474
13.870760315880926,29.327349340844457,clay,44.47543971444599,96.8570052816451,77.40789273702089,33.85309588212452
50.938988361599236,20.14565622473442,clay,28.235123763791982,251.0143772971426,80.523186696588,34.63172181314318
25.8121499649558,80.40337783841548,clay,80.138105981884,265.8495740467789,101.15075476828427,37.47976468631827
42.663499755445066,19.40000444929437,clay,72.06391692143055,185.89390792553485,26.01722112004443,69.10303321667841
36.8468203310597,4.973876552106848,clay,46.23047366238271,264.21059654568336,154.0487064247798,27.89871729170668
95.6339940073418,87.5241809211976,clay,86.01845736793803,261.42026778760663,64.15506924436235,51.381547511475524
57.733900307614924,71.96840017403066,clay,34.22288860646197,226.13332573810905,160.87552894462084,15.756759050963534
98.6161323955627,37.83760148053711,clay,35.97787976168263,55.87871319506556,131.87360143241386,16.229534859364037
30.713129366202885,60.84503697937579,clay,46.56809502728038,148.29838326532615,144.92757312651932,21.44742272605476
76.24018397047165,58.34935514695763,clay,99.31184391084967,91.38776822999549,44.06491500076088,69.39713749565516
55.401950207071046,61.33592364083679,clay,78.07692583190558,117.24762963604678,2.0591427133245697,91.3788029066294
99.86954925203827,29.45493537899925,clay,34.71475619752158,102.48591340224712,71.46979976254393,35.89687198530341
63.820673857936264,34.50279868426147,clay,51.68471558269238,36.00859726979758,154.21434027264212,22.390001224076823
32.81435160347943,8.64841962453845,clay,70.73465723161469,262.5518613225326,6.913737608803252,88.01321606812918
14.638982888620733,60.22748553477929,clay,93.69844021746951,145.38630094301513,57.759483296566906,51.268051911987186
74.25690617556513,24.675613927720963,clay,32.866108984630884,123.397758914223,130.30136989407404,22.808417476464903
66.58537063562052,82.94285601632039,clay,42.1704249873115,118.41302450411527,7.113027702341566,80.60672426299827
58.24297349221781,29.812229188369333,clay,25.553322515949244,223.9376133696764,125.78790328424226,23.374774312480678
20.378097094672952,91.3216058508605,clay,80.2526415216701,205.88298898559182,109.3585791348603,36.33539561688753
92.83071330971238,59.563741801023994,clay,53.33355287700387,125.02684437883946,137.60524530156138,22.339214601611413
7.726603025365364,14.21860130150272,clay,92.01487160838771,268.23699072873774,159.90785138117477,27.707139903182743
78.40609076407071,82.82250273143215,clay,45.255752467055444,64.96787058746412,167.50042875538105,14.058010352126814
59.7335918711443,65.0212274181709,clay,74.54314735757187,95.29762959149967,121.22531304220693,35.09803721694062
82.90382557516824,21.911667408463455,clay,75.7364823260862,240.43870860434336,31.74288607764771,62.09821349327931
77.91037387343668,8.599897163495285,clay,35.26087619733313,150.27099920222668,156.27056402912146,12.201420493254574
38.76778482082255,97.83702222224765,clay,57.09690449770308,144.27711776405755,69.15624523713755,46.06793172493697
32.56948097375844,68.7837059929498,clay,23.266847787350493,212.4995995527377,33.80235568514664,55.582767265052986
14.653897256033199,55.27510440724698,clay,78.34803559617117,122.53028341550028,27.453985026764176,63.41663408817064
81.81129185255726,26.764873505985243,clay,81.97620744089816,116.07983687170804,31.707069129617707,69.31956783546875
46.85450294752067,3.1277251274806406,clay,96.7953935475519,65.63219739482953,59.37237204411935,52.52467499579361
48.94298992584133,78.54440223341706,clay,20.48722237401014,281.42981411742056,108.52622931410588,22.484329141757073
81.73895374164857,92.78382180832169,clay,68.08004407485424,123.25997029122308,74.40956260308542,39.69043958854138
42.69318597663363,73.16727834677891,clay,27.347841286402364,253.2463284708444,34.3036914598567,58.15714711649601
15.554579993726792,12.916419610239782,clay,84.95008884699143,250.14300261832895,124.11158254004954,28.667578731461035
27.053962868541603,82.66487389902876,clay,48.16324240347367,172.7846220315687,74.86080498982322,40.64068471471424
57.44621935391577,74.7505887763953,clay,33.9641906860217,281.2053620205853,89.10712262230864,33.32064320741052
64.59475709168852,19.1922708515344,clay,25.082667863626913,213.46169166529162,18.596740395323074,68.78510888123276
73.99435631818133,5.520223320807116,clay,84.78153432383637,243.9409086281526,23.75409591706469,71.91386202984627
9.662549096894235,63.25712197859872,clay,25.034401037643725,284.7322354887555,34.89876354208972,56.85625604497678
12.829142437711006,20.959644832677647,clay,56.07597191066965,182.60143886891694,167.80902438580273,20.11159579237535
0.031441964408696066,35.036709471494795,clay,49.29250942419359,268.0552399271237,153.31386801314673,21.643972265781894
14.317875048604778,41.210483518107345,clay,79.67081298360186,110.9680436406664,111.42398878977261,36.11226960929574
32.34192579608081,86.04296493484838,clay,40.04072288711961,290.1891238933373,51.45160623739028,52.29988064571502
25.490090380257048,17.120494224342576,clay,60.54615729740398,55.996918240161506,105.17621137722882,29.895384313879646
40.002499578441295,78.5966821450627,clay,67.31901392636765,52.81438366509086,90.2474419269416,36.723082184646294
32.711225602116144,11.016059605332329,clay,98.48895484962199,73.41191297064529,32.38080565284524,68.96227517035602
57.01930386989381,44.36695744827004,clay,39.964574562124476,143.09143033092025,113.15167097836861,28.004237111310708
91.52457760303804,30.63462371777058,clay,35.85432246582826,287.506157890024,136.17418249985414,17.340473761146804
84.14318511438759,51.88142491538,clay,47.74019986088503,255.89318712328395,126.36373123322599,28.23177127850496
60.66785152579738,36.93902235197972,clay,20.08415780483105,289.4993288850768,92.33768478023657,33.47840750186027
59.989142567729495,55.06414608194028,clay,43.20382758188748,292.18343434971547,104.44029330256787,34.00672543554084
45.47927573170498,28.786140049078256,clay,25.147918573994346,121.31330405616872,29.584368117089873,56.754645409906956
87.90038848027194,30.27548582456523,clay,46.63061003312372,209.35023855297823,25.077600952527707,69.4393882696787
36.38467810254831,10.119944592677466,clay,33.974720393651324,281.50517090205096,41.51604044599536,52.31851843829303
15.616522353826511,19.41016923487777,clay,90.3390575119982,65.7091355282045,3.1500985716948993,91.64059223497776
86.27268132629347,32.599104541562475,clay,30.25298165165684,295.1134781305504,113.69208975422144,21.80235162463267
75.21382723289237,69.82422739891902,clay,50.765125370473626,114.19349813100082,120.44904411027164,30.7413640134434
95.05883840490932,56.86598178483223,clay,43.56968846301388,159.6204198158813,103.10392120995442,30.37029700449151
79.11331233595482,58.46132122158377,clay,20.754858210212042,181.70596926380233,106.44543603823264,22.93929318853842
41.37216736641886,57.446765927135836,clay,57.999796057149915,171.20551782894347,11.307083872391406,77.0590984409704
91.04123398316256,54.805960984263265,clay,64.52444125767565,40.8279098845875,100.45568620411913,29.21570213437858
70.90436302344372,4.712491659557239,clay,76.87101461835918,103.89580155388632,109.48649551612213,29.421818251554786
22.684148463223252,44.045234521626675,clay,86.85066072426596,191.53770198856282,11.548034732373125,78.20608118045911
31.177145877791702,64.16456789116327,clay,69.16511530362087,27.859477915288647,102.09284558230178,32.764761876644215
76.87300324015754,5.897577038996116,clay,44.292673368789515,140.85022915166905,30.201646909545182,56.68723933600554
7.112953582559234,11.321728300705159,clay,73.49558102747355,97.20742681904262,119.51618237656818,28.786281577410392
56.27030530435029,39.14486635868403,clay,83.75771135323723,240.58668455652952,63.09401993286137,47.59908908884685
8.126469394752245,43.46042841186101,clay,34.618214523048735,267.92982507516876,74.74333741842774,38.45319425451994
36.03818603300104,28.87410352398029,clay,36.233582644922684,275.7646852334304,134.31025144772804,21.398611857378196
74.67248762917983,41.85307770366532,clay,21.231732396845587,170.30101310346106,21.847801934257504,63.78377718550893
69.6040961424093,25.71420371411961,clay,91.35105614734533,205.72168356664673,139.8236254650159,28.31718085845841
86.88495910220159,36.168467502215016,clay,63.93124615084638,166.8698601221917,151.83683895709905,26.21728242231941
57.80607631866924,75.44311942269803,clay,49.60398084269283,263.5849192693935,62.66648086905932,45.531008681049535
58.40483554050317,42.056801003731245,clay,21.215208374560362,44.20561293571338,32.80656627470712,54.71754504276337
89.20395160337483,54.56408740142224,clay,28.445237001129875,171.96521186650764,143.74171738028676,23.90281367494942
12.389060928835782,90.0681699762243,clay,88.32709973057688,39.771725414937094,138.37731429052678,33.90651103237737
6.328363340203702,75.86008971462594,clay,62.90484975399664,139.0007066248377,151.84884892397167,18.47639598333607
5.76234715470566,61.60872419411724,clay,81.78139225659666,176.38490943811183,165.14492384479962,21.958377865881236
10.41430126970253,19.829801199995345,clay,86.09964969595696,299.1080851146825,16.52099683456147,80.01339778987493
76.33870541432835,6.435428171653957,clay,25.484809285187797,269.4245328276572,134.47556846949976,18.18393736402763
65.05134021327537,32.253642193885845,clay,92.50505522662328,107.14896936796873,46.28582102841469,59.70724229291923
68.08225924932078,89.56720847092427,clay,32.47210314031779,286.8816193855486,102.94068232565495,27.666222843077414
91.40605803264515,38.07529746946287,clay,77.56599957566897,201.0936708092331,132.34245676948132,30.38421788649313
68.00608554300946,6.763955450306436,clay,34.65122766798242,287.3440001234481,162.733279527374,18.236679014090797
3.6799400400117976,38.244816794941826,clay,80.77381631903968,232.04359600590348,14.432696031593029,88.03390604590005
14.286961854085744,49.320933286779336,clay,39.174856067289724,39.61932222705011,13.443263488470407,70.31991044122577
74.46459642015341,93.18239817729504,clay,57.59919458668421,138.65543721202118,60.21242514035205,36.92745694136761
35.15593869713336,74.62732339820062,clay,84.10538609726898,265.8572631930798,40.790556281206584,64.71966929949313
22.344461672983883,3.755582342034114,clay,76.62602433358701,175.96985033215927,121.61978296491806,35.62460779220257
99.5526179061942,99.4348566947032,clay,57.19998604028102,263.1661466755549,40.91951737533354,54.06043481506855
87.92258568135658,81.46662660807785,clay,84.9419262592926,152.3323238244379,137.75831122683383,26.486103697501314
13.245139814420437,11.418440406452014,clay,81.75377087477119,197.00262441255404,87.25518768815141,43.40364298602054
65.95903568712185,39.614674508830014,clay,53.1145446540947,191.44219922483586,127.72624782730654,28.95090452038047
50.87608822191797,72.69007026541819,clay,76.42116399256291,253.3453811687293,10.50870009458546,84.08501614350907
51.376045095169,7.469312003315187,clay,74.32080225356158,222.04855335053426,87.969364483507,39.357838806258904
30.024810862930153,20.19072185314361,clay,48.05871613946228,137.7638911563938,116.91684520356436,23.523172368755695
72.09181900786766,17.39875590696015,clay,49.29736678402059,68.56377119813895,115.36966552575262,29.65224014706193
52.53869328518468,79.18298431946843,clay,73.67514199372921,107.05284743291149,55.92161410354527,50.45916409151214
54.94677493399441,9.639348747004439,clay,89.91932714188368,165.96864321474789,79.52465021717418,44.79079802300337
37.699381897053726,33.282486231509914,clay,41.65885462635415,181.0368080278626,77.66226052708738,35.83435431780859
94.1343977047161,21.94734292280909,clay,28.00843430137684,240.96782665913108,167.1367158112863,11.685387521078447
2.3697402118734723,25.1263550706466,clay,23.467382163301114,250.7143286863208,97.67637201710914,28.22247462664231
55.444988199652755,25.245125869659113,clay,68.13106953110902,33.43341907760825,108.52996962710105,24.865653997086838
67.30262637118271,33.211751831222024,clay,86.10103321020341,221.77459920730757,21.553950251278682,81.77052347559457
63.71084131782386,28.941613355602613,clay,29.554635315698956,67.61647311622036,27.823686330787307,54.24939296711663
60.738545342949735,17.640227485441496,clay,76.99972882905769,102.27846706292033,52.34176725018542,53.26665249335189
78.5206135943191,95.9813832936877,clay,59.39998789424742,36.55842639379785,43.77564515947995,51.744118990464024
84.27622848520178,8.485398743320516,clay,97.3180992550707,186.84128857177214,86.98028422845942,39.21983488404822
2.754762129145616,77.71527494070097,clay,29.328323645481326,256.2139772086188,88.9016048319608,29.982645814390487
83.32450388013244,2.7314117071251642,clay,31.06965543148828,244.40174405232295,78.09834880812568,33.00626076681964
63.542927279108355,62.3528754370408,clay,43.37880849056119,61.762143976726726,161.47696167064268,25.93113710222417
52.90106000735676,27.256859083478023,clay,41.13125308651638,188.5112103082736,134.05293168604996,21.635854790948795
86.88016891935536,29.29027379123671,clay,57.260110537205904,27.56700763550686,125.47208068690941,26.334694423779833
56.149353327018645,16.93002820194507,clay,85.55196057074627,249.74986030152638,147.41208967849653,27.029946045266374
99.24587097750137,24.777941443969453,clay,44.754694883787955,93.56732552737267,44.94549332557744,51.24230801663863
23.981054430377956,39.377131140040476,clay,72.44852659545722,254.9072059838749,116.38057204483576,32.903336892736256
14.77285625410687,81.61156015412826,clay,22.981991039443095,97.65270738970807,9.585898044569479,71.63387351445542
36.837108259351446,65.20484832048668,clay,47.76247674428723,150.3287009698609,76.93744970791838,35.38329158204804
43.022652634600355,64.10643631152027,clay,63.6841796860347,45.703035726528995,112.23340559537381,24.016719098586094
1.4434802779022093,15.559555708424522,clay,59.804772585324756,110.36045623326888,116.65634631059653,35.38666406370953
77.27961684751686,28.647718139397995,clay,69.66909660675326,244.78450456907453,64.77342961214981,45.99865250809187
53.54455210588809,99.54090615445003,clay,97.51934931015309,85.78110333464626,126.9570135832744,26.59549029788905
16.027248018309148,66.59147006024932,clay,60.069498362141516,173.28840335531126,139.00196725556543,26.07102793300116
66.7094759555663,36.619146696262526,clay,23.417911726434333,128.95415451749594,159.60578981829462,19.972499852018224
10.823043683686818,68.78268293762258,clay,97.0703479774817,274.6849427996707,96.08942075176729,41.54993774139095
58.06776685092404,81.59310621992495,clay,88.89898736147634,250.18206835917132,76.52003157821194,46.47625419191007
6.095833389785598,49.86678334288609,clay,72.42987600373024,259.8905092617581,131.516373064323,34.21676062772864
76.00687708208905,70.32393969061394,clay,20.811005531255972,197.17813574753288,20.240943095371772,68.23316830281118
15.64121521056554,82.32921614417502,clay,79.5079514480017,285.9124114314334,164.46801145326896,27.171301931587784
13.292605097699916,87.83827409249804,clay,87.09097078309162,264.5486114614168,25.483183675570558,81.73228471115945
92.38088795840817,17.38266491345045,clay,49.4897384834081,150.39583361086656,20.906344675366825,67.85656099856001
99.40904697671161,87.6657244834961,clay,92.98703434805098,103.25484404983258,36.97706422123376,66.57729250679931
45.33193689780069,0.5599438864240636,clay,82.34024900478663,299.08343548905475,88.82006617715102,41.60376333479584
39.275189322120326,9.607713217210067,clay,41.29294546912094,163.08651687452357,72.55046419062916,41.34184595720618
84.90656486374067,22.524230269961198,clay,22.213134472504954,35.511997452753704,22.540359291552207,62.29697761219998
80.81848100379247,88.68059392806316,clay,70.8090561579977,135.8643944239957,25.958470970232767,65.56672554861892
33.24151339077835,87.00258808571377,clay,58.937550192848576,87.20387248749543,48.51857922505102,52.978917023128304
91.85854490691312,5.034584623646854,clay,21.027699884471538,75.3219567198889,136.22683500898512,15.341999675402954
62.584328737698634,35.77316754157348,clay,25.4942388439336,260.44349468534625,32.23823771706845,60.310274236603135
57.27041359331937,8.328922038460107,clay,27.660948148786737,245.1036836576944,82.59041100542323,35.18562343184875
34.862642335951875,72.92409788431715,clay,25.308331580528147,57.03216938163273,103.5320218784157,17.19771911478719
97.24621845353718,37.45494812554496,clay,25.206210174201267,172.82279458364766,107.24226437598077,24.405428828552097
55.286197353519675,19.77671216582646,clay,87.57840463048547,254.66941134055315,72.17768812773822,43.24520552487638
97.97738744497416,12.92510889476195,clay,49.41710438659741,190.08840426282725,14.252752009682656,75.14349477924381
26.117208401659077,95.2050220966704,clay,52.92686582651764,234.73448610056593,64.9665010700452,47.080291931450105
86.31515301608475,0.04169169031038589,clay,24.475269917956002,125.20571162168689,115.39890692714773,16.066894836236724
6.631281762097496,31.784003373414883,clay,39.59846871921299,26.490444950004438,89.84672141430751,21.5278784313511
28.74962887966661,64.11898302224145,clay,78.00925510583818,97.4502973854062,55.304536738959314,43.65443022851216
95.6888600316192,19.051972698740283,clay,34.654448290694106,147.3847063536713,31.803468345695617,58.71131196906202
9.587953770108548,64.01712481082494,clay,68.96658039215168,203.79479526644073,129.91440134557857,29.965900696036748
91.84237336119216,73.3204611068756,clay,84.37668708649495,223.26459505234558,60.220548432670384,51.249360723899585
42.25170695790141,9.703036053335845,clay,56.10244012527577,36.86377035119096,0.6629212845686752,85.10679608672217
68.93368605878929,56.18469470659689,clay,47.28816315384463,181.8979540383954,149.78473042483972,23.021451992760156
60.24819979535042,46.020450297167805,clay,47.65576245206864,217.10045632847073,164.8047980906568,23.432432582439862
39.220520401420075,42.81134723650425,clay,54.04351744397772,297.4218126763362,118.73874726156923,32.40126689220846
37.15023738267226,43.079692474405576,clay,22.936975006435976,170.14951055584376,136.31199985582447,18.123329590071183
19.84208467615416,72.803424137837,clay,77.55668850656242,97.1982843034742,104.6429423519651,29.794213430457745
83.97876238561815,13.607231183344126,clay,35.58708036092182,158.64161353614645,7.416385013907581,76.60520859103295
78.82190419997232,14.871439398399822,clay,56.79589895492199,297.18653918017225,84.99456225537722,38.856972653347945
14.716388268594427,67.73546291151085,clay,51.66134479246161,104.72432275925583,5.273792146542794,79.33263093005534
3.2328865844832744,74.99831240833194,clay,50.55908471988648,189.63914788877878,41.60990411594727,56.39053998963362
53.33880008349474,69.56176949541437,clay,35.63946359561172,144.99871054395516,74.70203500895447,31.96743061570114
56.504944625213106,14.593568678170065,clay,60.779933865486406,56.193665625649864,81.57112468766309,32.912599621715515
45.2246292081535,43.374935944317414,clay,92.63464982548743,159.73228998802725,137.5078158513149,26.803502963632955
35.20827946342588,7.508938063319093,clay,53.65982358571949,208.89246894560603,140.81206173037856,23.50527759724819
64.00726695930786,17.726707761694815,clay,22.97648305867515,242.7142399237619,28.062418850136112,61.94675249781246
93.75623209065952,96.35213640591765,clay,69.30058332819956,129.12524998900568,139.98424288196074,23.206668760032958
42.939232742968194,35.70172990006017,clay,93.01599925933454,277.9387892246252,109.34883562237596,44.51409148943082
48.21927896583025,24.532836622405675,clay,90.79325305475855,63.06076972945552,9.124126344598835,83.03439096954955
45.32860749681529,83.83648876030844,clay,25.97037049354494,245.29593646715668,6.272238477818599,77.89510566361787
46.131575173102966,22.12912896806518,clay,67.49749656052245,32.099673408154366,5.945443116980393,79.1919637829936
21.016516249231167,65.64171236607336,clay,79.99377292006068,41.316070574366044,129.3186643499922,26.39542871735798
38.95459581997483,8.663919229531668,clay,87.09039866918822,179.20041623958508,84.78376667832492,40.20895420036081
33.45057599406708,89.07792864766961,clay,77.57503048516834,280.3452373593657,152.51074486409323,35.54565681526425
13.167675203715756,79.6016392091595,clay,84.35954839580026,202.20272024908388,46.84864098401793,53.49908426015325
20.442213789020958,49.9575378358439,clay,61.7189690255349,69.50306982991069,121.38484215198447,19.99528530476357
69.30977788467109,84.86154962906369,clay,47.95171400659196,220.09072236478005,26.33803336883877,59.81832124978689
95.20316985532247,15.26936934997769,clay,75.34875791778657,164.1035515530446,89.29188774783961,43.24624223642687
48.874049933643725,60.03263920177167,clay,38.472081552910176,129.08931403437333,145.36037881201233,23.29317610840277
59.757526093363985,18.428706223489023,clay,87.72316783386975,184.23708730972618,67.71219548860554,45.56407984969405
50.920928974362056,46.94895316998602,clay,79.70190508002473,129.23794447877435,71.8072235799734,39.614904176834415
15.09197553293914,71.38092142026507,clay,89.8424731106899,274.03797854176054,147.974893590347,35.40385949839964
28.40661922031963,63.79237496008234,clay,96.37639295248253,224.93892824636637,83.1345583471463,45.324987719225724
77.2537912454397,91.92692613280707,clay,81.05726031777233,144.12740279987403,45.96589510220133,52.48756158269063
50.79658434499622,47.20563359640083,clay,47.85569745238903,200.83692233019008,87.36861480831924,35.046817805915225
86.92078108304946,35.901283214379845,clay,54.60627439665234,81.55844058248425,92.97089887980538,31.3769346051782
97.33319096993783,70.38177420203567,clay,42.74389475292139,81.23055762884067,49.74277033397245,47.46253821638403
29.13901731959504,46.282113455723575,clay,76.45904433937861,264.7972125240685,110.63995527414549,31.5679637209005
17.33267962959556,87.74078276911388,clay,42.05753468944885,60.30399511554182,164.00904077723243,16.869523058389515
13.665197007797648,62.60209001017866,clay,45.509051959687625,61.671031424635665,100.98834769226717,26.368947474269707
79.31983742071566,15.551260101227237,clay,64.54936543519538,248.7615519374017,27.062617919263122,70.35206993551364
0.241139743167762,52.46341563952881,clay,35.57453574895607,224.16670832489726,161.65192774375777,15.31651400589676
64.90970117635327,21.183446145851136,clay,21.44054871837632,233.60240340901083,72.91278567734999,37.916082429951885
53.42858821434056,15.748286897568399,clay,55.98195534378223,80.79524357165454,147.5089178113445,17.26142934541204
34.12388046547036,52.78203228071404,clay,73.55841505704228,240.28587207749194,13.464731258251003,78.74021033031951
11.445269716988982,39.4996310172563,clay,57.33652880656736,62.52694830880831,69.07372716713368,40.069295949452595
10.908996367748669,91.6659960195734,clay,67.93167420701661,131.84727087547756,85.16040682333072,41.99594868644731
85.4331031644593,57.501504156850366,clay,59.591665151483475,275.49348585128934,140.78058930332338,28.904364611186487
22.560920423184417,15.312311146835677,clay,75.20772157701981,153.87662049388388,114.86373577674972,33.25158593918494
29.531350734475094,28.46504331228087,clay,59.26652530065469,100.22606121978677,112.10560637072152,24.076435895508865
47.203894605324436,72.37997655986432,clay,60.8350055256621,221.03972354092753,37.79466562968186,64.52886219882026
71.51240234570177,26.660570704917763,clay,64.477679283214,260.21070866546046,41.91980469136975,54.285940368215
95.39667171468871,86.62419197575649,clay,52.12160661442209,191.98212657173806,166.61738255445425,21.773824670259945
11.502760243036658,4.543075477876091,clay,83.22516077952227,141.4977894855077,41.464565625704665,68.22457906546832
75.73728665464523,46.52473356338292,clay,89.47995940207012,227.10453691386732,163.63437727483142,29.51805805469647
25.454721178600913,65.90592328025534,clay,21.64344276225151,297.5543492181395,43.84902627883622,47.99978470840399
84.91536211995653,16.046466272797144,clay,87.83034742483834,28.367558092476166,74.25215919834844,37.49837340496919
37.40907132587359,58.63847463004998,clay,93.18738789621057,114.92200643257951,97.31566104395927,37.2154036347871
77.29953951013782,4.0733264805496,clay,95.42326113021298,37.827898671118504,98.91142369488738,38.18760455409171
78.6390230702316,14.844305184897767,clay,34.3496313650163,231.82940650304914,25.116798405153013,60.112668043806764
73.16480902109319,65.12419287826812,clay,36.848334889047614,108.58907113867353,162.78778374449487,19.56383921264291
4.445747643638054,21.958489946633264,clay,47.39480717294701,299.85958618101114,50.85217997612233,50.344045330043556
51.292157755533594,8.360538497397707,clay,41.92540789565775,297.90537342583326,118.37927118026593,23.364895955463727
44.8686718591796,17.16375126288493,clay,29.8355725121697,186.44298867092056,84.95018945955624,30.03461161826327
89.23062282318597,24.668185743166195,clay,93.83935893243176,167.44773745237626,43.48426625509968,60.39625453008746
3.55299180290225,55.95093774729606,clay,77.72972280239733,101.99386396793939,145.0666421506206,29.65984054170186
83.98742827317392,7.854496383245724,clay,32.794207349474505,129.77076057302475,143.4813261500941,17.85988944049683
87.54382397942415,22.97315266127937,clay,56.2006718875623,122.00196117159288,19.845206071239957,67.26158360509747
43.81782907522135,69.03312613561945,clay,66.02141413312249,162.97187713435704,103.58504075755063,31.980169188715642
69.93123756941095,53.24800794552211,clay,71.6148768532781,191.75842713998094,72.7643628577006,51.81891223208466
75.76143778719123,96.89124835222856,clay,96.78922859977834,250.70234126686964,101.0954947059935,41.38775648623917
17.804829525755437,47.90184573139226,clay,40.58438119930915,25.96111980507045,162.41191254490877,4.96828902219125
51.369861846992684,25.415228811900683,clay,75.43801681593894,144.57029825123007,134.9627216150135,31.39152239073449
26.738248879475822,9.334624568067195,clay,51.52369572001243,29.79188949715006,19.2184536434143,72.0875364895623
15.986277590948072,73.21590995007253,clay,28.448383269432025,263.1483788817443,37.14723662344008,57.29932770772691
1.0106644431258527,71.52050043221465,clay,40.529339675083364,165.11211641288807,18.751495840922164,73.99397493974152
12.538473906995529,41.19259266418782,clay,88.13196018675727,92.34391083211187,44.85125993815713,55.52970375187674
27.33396571920127,0.28713110948129783,clay,54.23309763919598,28.447182661580623,152.84510368333363,21.18373659800009
58.30142662212422,20.15895108623631,clay,75.9956948342909,211.2450270115451,10.15788041946131,83.49243746338358
57.94133629298055,79.24668810386102,clay,41.033125770307535,58.56314493219989,118.0115282953798,24.27843828576041
38.60335336192914,2.369227531631124,clay,85.46032197230916,81.67582424087118,56.957366238778015,52.96720484891338
9.995471921130273,7.199576613846315,clay,22.056301726021942,277.07596156585026,52.31230103713415,45.98146763159467
98.92352490177421,66.94507935619434,clay,62.007583668494405,168.2529817172406,63.322080940532686,43.109321010473096
95.87913895457044,78.80440336983101,clay,53.938129362659,116.42232798394664,148.4332969766844,21.775515581454783
84.95852569643017,25.507676134233236,clay,77.25033886207342,246.71065971307826,80.1354149002634,46.8845286771624
84.47677434623753,36.750834505331476,clay,45.654420838601546,165.25445014719588,73.09448850545817,38.31931513441105
13.719780837266537,43.5689654047873,clay,91.33614489801631,34.9172450959245,76.83283996975884,42.38183460786938
88.77110870419853,59.378622693317574,clay,85.95874169914629,86.24003021380378,59.271985286280405,52.546716367563725
88.59751130926863,55.795298268870454,clay,58.03906702358762,149.0435326499761,9.876663143258694,81.36582580137676
81.81495084153354,45.62511447278671,clay,42.35519781755787,119.3031667672959,20.69097842664543,68.51029188032005
55.66698565548577,23.410342282489495,clay,69.84044576621517,294.288308920118,20.562382759998105,71.325941226128
49.41588209221267,16.67972138238024,clay,62.52641687978518,191.64374610072477,26.43388252150721,69.30441037556952
85.6348715633756,31.138743667004487,clay,70.42667096629047,197.36259581068387,140.98070709788269,18.79013002153102
84.05764334382778,62.52147896506657,clay,55.95657284111952,133.23079336109555,63.677000799121224,42.87155606433672
12.930925215377032,42.395837100316704,clay,51.15559257620969,34.50720741251366,46.22196689482512,48.05949426796857
57.79455714096253,80.61674967560302,clay,63.41504355046119,259.87303550569857,133.7392727330884,29.6358629482823
97.70063680159925,1.4747446901328787,clay,67.74704303436948,242.94066506210962,55.75821549495178,56.47701711657822
36.21225308474483,6.061497500750191,clay,20.676921527146472,51.08705828057679,16.53281181216786,62.715555625069975
52.58652309625133,45.546330017314204,clay,75.3537180481934,29.627187678423308,45.525224877842795,55.56112408944696
90.99771065171186,43.83365962375816,clay,26.51871841107731,244.6504032878342,148.70863278981923,19.98324483984506
24.3355253920277,4.39716682229453,clay,67.28662575158847,275.2141099046873,113.8851882874147,34.23439594047312
64.28883242899668,83.20684074480255,clay,58.06640474795663,250.4308347494056,65.8408256799475,44.96589751108474
58.2988625878554,46.468641769448126,clay,98.16895363688666,167.00709147024804,64.70890085789162,55.423914596903835
54.79399506131166,35.491203800819534,clay,77.83252815719487,129.68230511795124,64.53625693624083,53.475356568701116
6.084687269600996,65.53549181151462,clay,60.39777737269497,149.58218142882646,120.83450243893583,26.671775217495433
84.62608634124594,37.48031208174473,clay,46.16301538027049,221.44407791099286,97.74321633559491,32.53579587097129
55.55229071058353,77.26930232038545,clay,35.20327107937226,177.8208365038841,26.561100542529807,60.4953832324571
66.39938234160748,49.30716083141704,clay,50.3673229337745,268.36675038929167,129.83472003557637,29.22242483996849
95.00531556754879,42.43652894349938,clay,83.04583420704847,71.18246594538992,48.01313615458029,52.26603781960469
10.582075270452329,50.180481507606785,clay,35.380810730119656,199.40111959865612,31.935516408267073,51.886780237092445
96.90867275989245,65.82403058111062,clay,94.91607317667908,159.7191427981388,5.611613794646873,94.66340517026507
55.83288868357085,1.4975605936593972,clay,88.89936355214653,195.4919371695168,125.10811645519254,38.17655631199487
61.8402437908263,25.74698932285242,clay,97.90062142149178,135.19800207560792,27.270872384721688,75.16982847080246
63.61719330853711,98.33798511764557,clay,91.66355974770254,218.07875605876373,166.42045207080062,19.890128296681144
33.9251123401396,60.121813306017316,clay,26.38133139884492,85.96268481119873,70.1467596359867,35.25063420371213
95.35010148281707,99.55975267446495,clay,49.67487360973323,220.03797117122963,68.50548275142441,41.379408555653995
33.69268477021086,23.33716987156632,clay,46.24625763259358,84.13096430937205,18.873980001785394,68.12075122025612
90.57570318298428,8.522167577652873,clay,45.98053150041876,170.32372098822472,59.55812623796395,43.020538937531
4.342006023435396,64.85696333643777,clay,65.07830412448482,212.26572311004017,95.29931305897581,31.093922267448363
35.01415422940825,22.64351900997762,clay,60.00541814452901,32.164424403814415,55.144459120686726,49.61877985182109
10.871703968635927,6.289124231952858,clay,72.17428842330922,134.38804831414632,134.70660614029603,25.705732148405133
95.7040453732577,42.55928538941792,clay,41.14617794200258,192.36877815418146,105.53641155594372,32.341553990819655
32.17786137188811,6.375173641730303,clay,36.800387106047914,67.46534270611428,20.815258091596117,70.92913607838057
1.3847645973967926,60.18577392363217,clay,95.79790365921095,124.01461006088516,88.5524789809737,40.44140431466386
31.716969465823887,47.765198770724915,clay,85.36822802662016,229.9728079520725,135.81950113079722,26.14377508007986
37.032747493617904,74.70912629357731,clay,68.22276536815863,208.31631098582898,124.29881601193298,31.175986568582644
65.34813561119105,28.029043159685585,clay,67.565496409358,231.57316354728016,132.8881824751556,30.708335451827498
50.872022320135976,33.38498511701729,clay,33.52290772317044,96.64228642794636,153.2390168231705,15.739866308163222
97.47593335456102,24.147808521538174,clay,77.84568699848359,182.8234057322548,117.07416832016617,30.97519283608347
70.67485835975891,90.55470484354589,clay,65.07755968499852,43.65841529859868,45.498672987079125,55.695240405102034
49.407462797567334,54.85519826196869,clay,67.72643643042332,130.22305007075673,130.01444821475968,23.691655642045273
71.42994121931139,71.53101740349447,clay,91.22864013233982,188.73301434690046,162.468129515489,30.611211645459125
63.19589765938643,71.69265459357955,clay,58.17763287634876,104.25730627565753,92.40629205546465,27.908597370877644
90.91240710678164,35.679241253325486,clay,34.05655941617033,183.50701354549952,66.52675535190205,40.9920480587331
56.48423509979084,53.78464111657014,clay,33.855766930655605,189.3504964639568,95.31630760805815,32.1611310212562
36.15699298426344,24.87595236636393,clay,96.09759095766205,179.33481876526673,4.559513092542291,93.92211697616544
19.675806091894078,78.60363176458435,clay,76.41299417247718,291.42377417236827,162.2173226678804,26.50697241338531
76.64495812234185,31.685508577992394,clay,70.33583510636754,189.38017336251312,9.163310624355663,84.85803200648569
5.776401459480951,12.79420475317411,clay,40.612199307821896,274.41268639170465,87.13028945824331,32.108901002643115
83.83117521072082,73.49430985905411,clay,51.31080995364576,262.5613333062703,124.66435855791467,18.775091239720677
90.15743271655693,59.86634724576837,clay,62.285954396974134,269.79470333919573,76.34957033158507,39.04329448675832
5.384636044480773,0.1289944456322134,clay,62.26339916834854,45.243270799504565,164.05922626011468,20.51635732620007
71.81496364986464,24.338469578622068,clay,97.4041604217645,129.92395392267144,4.5836156123293454,93.78420034364811
55.33733717246886,98.67119790312812,clay,98.38188280365755,117.75006737954809,81.09421306373468,48.60815853657838
25.106166561132103,61.21144359151738,clay,91.9754201357003,25.262716691457147,38.46087408373467,65.25182889211874
12.388620303382702,16.610121273710188,clay,70.07300362923101,53.240957291426724,124.07331031548124,28.370107269995604
92.6587724178369,66.01758143197009,clay,35.79171285068928,48.45655827347467,38.980192239575935,47.74830788173273
96.23452017507121,38.191888391834205,clay,46.063323287804046,165.252910121243,49.00359936652332,45.79113475776792
22.122139002457743,36.91426821827686,clay,54.34967005601426,59.39260634731959,64.31457089738181,34.7524069188348
14.036100145675846,58.402195082618725,clay,52.53097104480134,71.89759968230005,2.072475627466578,83.20735184205166
6.182896069800192,37.67684712967352,clay,84.81678845594766,222.91344674134342,159.16046356589683,21.93675904188604
70.78013985918528,66.53417221020203,clay,37.36370425266077,108.48518893898108,89.01136161082373,27.927577780043183
46.18127344629326,22.774153617552727,clay,99.47725522242959,56.784171747258824,160.58933645854307,28.44255019507114
83.88935193078518,79.49175830914994,clay,36.653675304369756,198.9601537836915,127.13396849175653,28.67849972431446
27.15653705440776,18.11193877636814,clay,46.24983871316394,156.95723210378276,96.39516550669767,29.373479391698442
76.9034227704616,67.61505256665161,clay,41.079143435420846,156.69213720710943,56.35322685349746,41.23769296417045
1.0245360383479452,33.946197057069064,clay,40.48930141716972,182.27313991587457,10.466697407663649,75.78350740960028
4.476948998841534,64.14179045134361,clay,65.45516468548999,117.80700634548013,24.75221287317136,68.34527705791236
58.43924473886134,67.91133665720679,clay,62.507900261556145,246.79664310270638,150.5918483240844,24.567446399930116
69.00253122306106,22.988748454639698,clay,72.14840377296308,134.76779824355197,1.1393086994192334,94.28416461458592
86.84415455387189,29.08365503460284,clay,99.82058513862884,112.21011050304688,77.08582332512457,52.109745102581975
30.459635132804085,45.05402843875,clay,73.24697336986044,60.87857756241776,70.95486194020857,42.03948167339307
67.6774305864818,13.596939006037179,clay,38.61851832807499,220.62845603193276,26.245694113651286,63.293589510751616
71.28807220926188,76.54683844300052,clay,27.590494293733478,259.29879259035647,121.62734658983435,25.193819237496587
76.380285233024,72.8298865340659,clay,68.07129812067085,178.5823226866072,123.43018613513036,22.80025998803925
57.85522493158853,80.8717871762248,clay,79.54189738524663,260.34731055930206,160.36017671253524,23.61112786372115
16.54596363951163,58.635182841490085,clay,55.94360503092035,181.94874055277154,134.07117939356544,25.054372960558414
41.74158251985581,71.79326455436245,clay,35.74393502731275,172.00178607249399,3.663202667127347,82.37467270367536
54.533645912549986,73.54453357783312,clay,71.95878321655934,123.55910193409542,0.9627913198043823,91.92567311409825
97.30606535174523,92.23331583153058,clay,46.00745304649163,96.18455847906911,73.31793733992629,40.26011293900328
35.68276726579737,6.729384773115554,clay,52.22360739555171,96.66197348239378,54.58824188348358,46.97381574727275
65.88400694456475,52.66309332452249,clay,41.66904938362834,177.3121823592164,82.77491832409599,38.66987922157725
95.59842693402017,13.067050897865595,clay,90.71307831263863,218.81915802834808,116.34899561004801,37.38628754838655
0.5639484822516971,98.22048746373078,clay,68.5204665898439,135.6403715790795,91.353162077886,37.64706962429434
17.365095529166886,62.33599249634025,clay,61.140938374689604,241.4455763050991,110.66877199481662,26.092087372927022
81.52657043053134,6.826310555190062,clay,75.27094371450282,221.78744615447926,46.22747634624185,58.823657274629575
21.385247545599917,19.81408634319942,clay,61.902575272287564,62.29723562560283,110.76002471845086,31.52418384256493
2.68896403102562,31.92902424458711,clay,35.348777898643284,296.8820652377726,50.90337850369252,54.39744365809391
19.676982349921456,37.385290480349035,clay,68.46791162652623,240.03495063772766,61.248809620835495,46.58384551817496
48.205989827938744,84.64953462533984,clay,65.52334217267482,104.72020976675255,118.20265920594699,29.4185942493312
46.54406567639651,98.7197238882319,clay,90.32775033530507,79.16253415801015,132.17498652224788,32.72158358641374
53.48112978078346,51.393858657956834,silt,88.27289142259433,192.99001694844836,90.33460548902725,37.78803476333656
44.830286975855735,90.80415620455076,silt,76.93893834756952,39.01234396544219,148.5107034013751,25.89607466195173
54.668421156952796,2.240546518228148,silt,64.99436944270406,40.011988729767175,53.82366521909671,41.99538120308225
91.29130838821744,35.779563725947874,silt,88.80190263067627,277.549277860142,3.5353719168288045,87.1315438176139
70.98622992274987,75.68430430795485,silt,51.393348017364325,205.6075185125351,102.8426477168219,23.185614913219407
71.86584277451217,8.587079799036134,silt,32.660014475204875,61.4999654963119,156.65665173359358,12.814099467102157
79.741226959697,11.671856067595932,silt,65.94171759356686,76.48842217470914,61.88850150987882,39.75697892182077
82.89309814874659,14.445139951927322,silt,71.69433348880605,295.5710325384459,115.42516998661041,25.21752677377974
90.7849501962525,64.30796776895961,silt,56.50487836841628,206.4154315988076,147.679447519403,23.586635008686503
53.132148281222925,45.24473992179535,silt,25.80731410589322,241.44428490502358,21.23717293182894,59.01247924404975
38.68228456077291,28.004079208673794,silt,52.20057007155347,194.95250535516786,52.31306845089558,42.09462877501596
86.93675105072666,97.08326498571354,silt,56.686705910105644,114.9304208947611,7.976989066742527,72.35305310002333
39.28819956454021,93.02420183009657,silt,78.45668347212515,121.04909018946313,162.63179943058626,25.63012592369975
27.67927439746457,42.63532447243572,silt,36.92345815870662,268.55066180521885,60.67711615017197,38.88157246850834
38.90471988271636,90.17314179639625,silt,71.39046013725041,159.26926982735736,22.20001882246487,65.89661027875974
54.68168682717709,28.50529729614175,silt,90.23415134533633,39.97111753346214,52.76492211136804,49.52751152474037
33.981433604329304,47.673425537885784,silt,41.14530018647871,60.77285000654672,6.1914952876310885,65.11083537951043
95.29465140248118,57.54031333367384,silt,59.11681002223612,130.68905580906986,119.01458452520873,25.299569289946
27.612986765266346,65.59021196637528,silt,58.325149166818235,236.7754482137494,150.71445378471776,23.032377030750926
18.420771426073202,9.147023552697853,silt,33.55524804360388,240.4709401900634,153.52362303477537,16.572553424642773
29.821578937044556,84.03413780135584,silt,62.89884280176773,251.267758295757,92.12529351984017,35.01665145739833
7.921955107309742,95.72191492093395,silt,54.06420451452632,121.3931773467624,59.85891824107615,42.01742647885314
94.49968278943382,6.270458740317586,silt,29.524902990583932,242.15416675750853,92.3007945451433,27.426943485927357
3.446013677833637,22.42343482792274,silt,40.86485901682168,28.908583133026546,36.303210440648485,43.26650507538553
85.54336896370037,89.82358297697178,silt,51.193122611483474,112.83877462347836,167.9766224989251,16.108949428232588
53.735208090755435,25.477143268939663,silt,45.704436230808376,166.7251959280815,91.0699305248461,29.86339759508288
95.94000852714744,57.56062473515635,silt,67.13265955273067,83.15456178230028,128.51784603860963,27.334510824013023
9.515797340476407,59.499437225992025,silt,72.6554996263904,254.78124800781626,34.62331805817539,56.62115078998485
46.148107170759566,9.65236193056448,silt,28.449697720870077,79.39622476012163,47.50211860553183,33.56348715780374
74.875119774456,18.67259020194323,silt,99.41214355996293,69.41853123683596,100.69549857732078,32.807118246258206
83.25074228768271,64.78892016631599,silt,77.23943974327187,61.90654734397518,1.6233930317217027,79.21128125096317
8.951892633830305,35.77525619128244,silt,37.89942348557901,276.99534865470423,147.84940783335367,21.76723764254457
71.39442984139876,15.407192910402701,silt,23.869394095932126,204.81916091004044,107.89936704541668,22.41375740755224
23.992813274650636,31.41666119075859,silt,53.47116437308013,190.8742332256872,160.57762661092193,19.464227882760653
73.11639095432015,80.70011023955533,silt,29.080649704684287,204.60928357733377,80.99460100274331,31.357051246488524
3.841693576904459,90.62157365473851,silt,96.22273196603601,25.957529013268232,35.74898746297383,60.25011779788917
78.13045172798513,59.80800591118203,silt,34.18669306373854,248.84201271268662,59.383778463365736,38.01318220496753
38.73066053206454,52.13802064412295,silt,58.41139750629803,100.51060073217172,71.32541429896517,34.290837230565735
50.289413647924505,91.63864104223755,silt,64.01016382543717,236.42475564764368,49.32334002283177,46.052164283599076
26.432161298498556,1.9549971642973007,silt,32.85831545421544,30.95454063381013,159.10652383776002,14.349280952107987
89.89454603326496,74.37761832661045,silt,46.57956123216703,163.12642574745632,111.17556933201078,23.2635523179562
50.15409120998952,73.23954332549852,silt,35.05802975170663,147.0424077068166,89.46506170306878,19.784680044528123
96.44537107931075,84.82755480042916,silt,69.72147361839602,185.50118557957256,101.33536443620868,33.86056132724797
5.936288025892356,69.82963945882051,silt,77.30694401036824,165.93209962343255,146.22511770762722,23.903268578991366
36.2664657857017,1.969435359863425,silt,24.732931719814406,121.74452195149124,77.63369463337872,29.24543271435115
18.93283064226321,23.02113587793363,silt,82.44106716610182,237.10415626173713,64.33374954951483,47.17562920984998
11.090838506346923,8.712931204717322,silt,51.30234007194977,37.52416916330784,56.050686237224284,45.90040147103621
50.75046156100387,82.26446568351889,silt,30.341275671631927,98.72166516266883,159.0198026833935,14.13405656606933
64.84061284483224,97.61267791625895,silt,64.06302050645884,108.97013603790238,89.36734059994647,28.148804807650343
11.236987409269117,0.7171105052269922,silt,90.73680332520034,209.6021179473888,50.11940054230168,58.46789657733452
68.30766011577799,91.95320647852824,silt,43.93112728416885,113.428755081365,143.51244183255386,15.059109699621184
91.40365668297785,29.31542080066948,silt,29.62500540770791,145.99933229959908,49.68849734371842,40.6259231208927
3.6634941803544874,63.38804696362723,silt,92.49450925984911,293.58435087166816,109.22194068207125,37.281359141587345
7.565946262506729,35.92783459962398,silt,20.697175786138693,294.82553735247507,151.65804843280546,12.878975901219837
1.8132650459765975,36.69694941063661,silt,40.68303734327215,257.9063762416881,26.96137974967287,59.021930211546085
55.44596999906632,37.73917714049878,silt,31.6575809386703,299.36510913890953,103.82166831481817,24.34302108037719
37.11275565527317,90.57282306308552,silt,85.69534465526088,248.07609180126153,103.521343457682,37.34220271036053
29.92783721220704,70.37061351632893,silt,52.3558193913514,189.99967235391534,167.6897041029324,14.679673556018388
51.261901646744825,57.38634521648246,silt,91.78574153098408,296.0498209413101,130.8061108411814,31.876220498624008
32.26397343438639,89.65623399203079,silt,81.46820046803845,229.11409453171746,112.2111027186477,33.3908885470243
40.324132034470175,80.89324875908011,silt,43.50242334120567,213.3287649927677,122.00303193522471,26.23913812800357
31.988559070701573,74.18892668382021,silt,28.51919180629495,62.9669754617738,70.11245474913146,35.11119559464318
94.76983214653384,90.18958105093606,silt,23.91469564206745,255.53572352037665,85.49086124712426,31.63710267722233
88.69311692981873,57.69744870776986,silt,29.306168022770358,25.70911788381122,83.48281741824302,23.871166886784767
57.26218716131959,37.29391380882292,silt,22.47376136647307,276.6193397515051,54.962319024151086,38.7197733076631
69.42372021114649,25.38831613687479,silt,25.102200516858026,130.87510413475698,53.27801032464958,35.93756310461094
81.9782495659839,22.244541739167467,silt,62.258485582115384,36.16729553174446,35.994978252821596,52.037697985615644
79.33983204890724,77.64044634518032,silt,31.391033999061612,176.53455005381477,71.01501362648833,35.46161258218547
65.4069869058336,93.52020913957291,silt,31.62802440067501,148.990150102563,129.63007681778592,18.903327448538477
63.25084961536467,51.17021723736607,silt,99.35435273743938,72.81494851801015,157.13858081546147,30.357658622213826
46.79929663772945,52.860188368997896,silt,41.229323954686386,290.00579671796805,153.12985047944463,15.794788241850679
99.6919572209523,66.9800095180972,silt,56.13483966445958,258.9518229114838,3.9992194765048774,74.62159499100181
49.72860242110067,67.32200270834177,silt,49.92368490740061,126.37136731337436,5.328481672229136,70.45935311135914
40.83541954193301,22.479110186807127,silt,39.7858618831814,185.6383846216907,53.38560234663652,39.15819591316717
11.138510685706649,57.764494657504365,silt,32.80357817112819,170.26617240318117,92.82770900765354,24.70111321350858
42.74249472728937,50.94746851292544,silt,34.47620928650346,152.32922117749064,62.669105367840814,36.42696596280527
43.48217234964861,77.93416509802202,silt,54.07936788589537,89.83707256783863,45.979704785042216,47.5293899027897
53.991881060091,83.08808839003218,silt,81.52893654540561,145.39210324307962,32.94821966427805,62.30171490358501
5.678103404506841,39.9222725202494,silt,88.52921139071609,133.12358903615402,19.803079087169266,66.49066732307134
60.00294417429484,15.203590769457087,silt,72.39482614738846,145.49453107979258,56.17743613784768,49.037595154799455
82.33299858567095,39.66739474634016,silt,79.07834124849822,146.09767797528073,15.433687396978943,73.62768141757888
50.7687779735764,45.78421934933768,silt,85.2993369398618,275.4841209868331,132.1788174354537,35.32217285780078
54.14499605548907,64.4616030123659,silt,43.02642371514996,248.2578826908884,143.95049383741502,19.8909966715963
90.28182081400776,84.87327239916674,silt,53.95894139860082,274.97505557550505,20.233750960333367,64.69527159427882
34.786682559405435,56.5435698827345,silt,48.11540916262929,284.0686267596239,42.79131848126437,46.99242220112829
63.48276125448551,0.38638823417082024,silt,78.20456418836794,128.80410785061824,164.26164176407374,22.91001697787459
5.221495508234309,9.262780874197363,silt,27.053448553932682,286.9711214702845,114.92065892455473,20.467901980234714
20.048268988003105,87.36397464358032,silt,36.12447421370724,219.3367845308498,128.23849273961812,22.266228139868982
50.49147371706423,22.298928231839387,silt,50.31437259643985,290.4119595270024,116.44718982194428,29.22883407285568
54.0599571466741,23.903974215135616,silt,77.03038853337549,162.65618921740577,29.71060984198586,62.260968107109015
63.48402190163059,73.53318566822382,silt,39.45766367122814,265.8992683210661,63.7645859885459,36.595768236800495
19.512005545372478,80.41713344029736,silt,48.33316599728499,157.93473266918204,37.43373035873111,54.55407452893566
78.10334075524223,33.94252489533416,silt,95.60635082971216,33.417917629064924,22.33444135003878,68.78115567230343
70.14068620483796,25.0682989509059,silt,64.32568775130788,112.55621793677349,93.08699326442716,30.77408034457688
97.28080535690574,45.569686002118374,silt,71.85728322171045,183.96079317798126,53.34922217311226,46.42309264262305
98.78707217447237,20.685236170151533,silt,83.22202136593894,65.31153253070929,135.13101325269014,28.81126760965907
96.71566440161669,68.59876565745174,silt,27.20945949406631,215.62370785122798,101.40828814730071,28.325803457800127
26.073599775671465,71.87607817481522,silt,79.30890983598927,114.98160846194756,147.2061546210366,24.580214395245132
6.986442597481101,59.98678448275786,silt,28.56564582652929,101.08261767328345,85.20731403213757,26.679667762044648
21.49963424200444,70.31854149056545,silt,63.75994731218364,255.93434326882715,97.64825190212024,35.471234919979295
26.12563516107882,79.20658750912973,silt,35.74968068514938,91.61281301761908,141.38688425451576,22.363374333784883
61.28734889795206,3.8920530786573426,silt,30.18060946277812,162.48830155159266,125.38493914512568,13.240883286848923
1.7293024414783087,18.42699986668217,silt,67.10133596961745,215.9096914141976,5.615956535599937,78.07711521012901
26.131011545636294,8.350169538656493,silt,63.35569857546918,59.01804503808713,108.90084826343897,30.85251022189663
97.05166637521067,94.84069616377143,silt,41.86921201882225,33.08764072137253,55.341252306777015,41.41644700105674
5.980120927253929,35.97126576714287,silt,43.842763803752554,85.3200498502186,118.62996679469296,22.98001078751326
53.54940940343433,91.07746396815976,silt,28.2511082184218,66.16453673148598,64.4195461088614,30.604852003090834
58.40792922454121,7.404268746793196,silt,96.67398429971739,108.89282452688266,60.30739911555977,48.885044213002956
94.51655174597346,66.2688239103272,silt,96.38186636381633,76.58755767563171,103.96006806745308,37.42148618828929
50.902446825484716,36.217367582934045,silt,98.78068240255017,63.77151860908164,69.03616062481431,38.3976781547572
90.04807465059208,98.03821015597741,silt,90.78780738115051,39.013181981538445,156.20077193741804,20.411311234235402
65.1619187456582,39.42758691671191,silt,85.0934461290839,183.37780098876067,142.05149994907273,26.75102454629165
18.498309475490228,44.0376801584787,silt,20.380123596998445,215.53456259647098,49.73702627174585,38.911987105234374
7.000356046084688,17.064435938269394,silt,69.82873360175462,109.05722245553685,36.07328635438646,56.62878940109481
21.481936472549545,62.28509494305482,silt,33.415297157556566,124.74424877446985,115.56499341969997,20.123969605154645
59.72808707754839,25.090697946374853,silt,94.61718985321644,138.8167932869923,48.20994135087221,53.79872526497471
65.5289615264387,61.394586313845046,silt,90.93877217329344,41.09857872463071,140.73015801727348,29.4097226206233
35.99927947801294,25.635134252385562,silt,28.38447199052461,283.7953968178398,23.84123335936208,56.302684404492645
69.11071795694698,71.01524378859926,silt,32.86149636820752,248.8860692105476,85.7282612216289,26.321471939519764
8.728538984754453,4.282999909368968,silt,70.95923051954797,66.25654420519963,88.19143968319439,34.16967612115467
77.99292605482002,89.95301701785016,silt,87.11062095714304,288.54702361636504,151.72008678267667,27.279759800775768
39.83482084436466,89.61836679715431,silt,94.15510362857816,292.52988578746016,129.07729545358748,32.43897409992532
94.49541361107224,94.71414668162195,silt,73.29050911303771,260.7520732461083,94.27763875554399,32.27635617980383
9.393639659209118,86.39636964847706,silt,24.440290322971148,118.25443935995564,22.734707959364002,51.69501231077997
23.224615799246994,95.20723793339971,silt,64.74570669227276,271.8759524835243,46.71382280059336,54.35315730749943
77.56550036839216,70.23776599719719,silt,63.639331653935486,249.21925067553346,141.13417460488625,16.318089240727183
96.5927791853937,71.97119476173273,silt,74.1500300930103,124.39099295362747,0.37944120480128785,83.89323805310525
76.39205068146299,70.98712544371742,silt,46.48177158640753,197.03531799807067,32.80829655148705,52.54055392779333
94.74080939024965,41.31805729355945,silt,39.599007543908364,158.95476788072264,65.01866780427751,37.83087744132036
96.21161064908812,59.173742445769186,silt,67.2917749549532,125.32931114895784,94.85799657184961,30.716571093734725
0.10920743123419285,86.60961728784851,silt,54.35552684173642,160.3243333898491,14.028153791555937,69.50904579332204
17.033707037759036,41.06211587843159,silt,87.2212437651105,150.89030855871786,156.4335923583659,26.713031932735085
71.52328299547713,97.79985235617275,silt,63.96909097762487,215.35057212709805,66.06207881296942,38.24050012024761
90.8874056523729,70.30555670505292,silt,94.87429691047834,186.87947929788515,96.95908999576177,35.9836794456231
70.96274911637859,88.19525217561554,silt,71.7052980903145,89.08578566461031,91.41033127324334,29.84866018150193
93.93633148727528,15.659604952055394,silt,30.199767277324845,138.55947081404915,21.102676469718624,58.852623549854634
42.43043672825591,53.36105190679049,silt,38.167022503421705,148.50968397265555,165.42858105668492,17.440844899731157
0.882392580448621,24.252753025063058,silt,98.27638643828033,296.99356618795144,35.362839081646555,58.36954872307214
7.690833050541446,57.744164244462915,silt,30.073656118914993,250.13191900173092,157.84859791717707,13.624808176459211
46.2712168594824,10.204299847463416,silt,47.131200565838,42.90188255914478,44.44381670692775,50.977172188747986
4.460326732140185,85.89683296186706,silt,26.19620622032839,170.47415605727403,75.95612512779408,33.224706920232244
19.90498622850896,17.968201537963512,silt,79.89712708542658,224.57285510259732,117.4625374427902,30.938219726
25.995968672490864,83.98951778542994,silt,68.06864971654181,190.60360320134996,49.71398970800836,50.84814182848398
94.65548880182547,72.77552788532122,silt,30.149289424147003,282.86940908953505,97.83818550543322,21.61526692222483
39.71394463995984,72.54045103526182,silt,50.101812134886686,184.15481975761693,119.36391543693202,29.74055558038328
94.42414862425494,35.61727714354098,silt,53.549980566153145,217.09145116365067,102.27589501714436,26.614965286694506
64.97420403007914,90.28283075720445,silt,84.02268933163349,251.67122773756276,43.41261263930858,53.91137130151751
55.381914165405924,4.4190819161482935,silt,81.58337443018597,113.95244171414944,47.476141110890396,49.151975442796996
28.337926542006443,33.80148321578322,silt,68.38596464609273,185.48046352251737,42.959574605115066,50.589558657346856
82.63581900713568,9.272333767636653,silt,61.0258272960742,168.15424040205093,96.45498354435243,28.49150346420182
62.39139400947676,97.36337662480233,silt,89.70824666789821,84.05357135898318,40.51879611785059,49.70383284847952
39.15144150801313,55.29951203076955,silt,38.601010631707105,86.14492480628556,64.07351283783737,35.42846567564895
68.81256130961884,97.61167400402896,silt,36.19323471374513,133.0362667606697,162.06581965376216,10.723433165756221
59.22785248220192,53.964605140134694,silt,26.040830410900526,270.67779742437534,105.08487618973808,23.46809956795544
53.95003433218426,39.19142073211117,silt,40.373175308871424,232.71354596698316,85.60734298395923,30.892120629484317
39.909449977216326,92.86036382228325,silt,49.911564923269026,138.63907717953276,104.82546867324598,26.081848795265763
66.84611177047121,85.00547311229465,silt,29.117646963255865,279.26295216262844,151.85888464511285,16.07088464267301
62.47422377872011,21.281305020140174,silt,55.835795038511115,80.74342425294839,3.692082062091278,67.98221946157017
25.914651571020507,59.31083088978353,silt,44.02003068302904,126.92094555786959,66.82394184182216,28.78970157805016
63.73997593399358,96.09362704886061,silt,54.29077200049864,292.6648491149229,112.18993587392356,28.840201561306277
23.710385179892302,6.292070589938081,silt,88.15478162334631,182.84479258467397,69.62152888738015,44.965811320176016
31.05803825773188,78.36172559644872,silt,46.23710683246376,278.24232626114497,45.01843490874283,49.49979124449076
69.80967083494119,16.28472530647708,silt,95.94904402311884,205.27765590693815,38.784591095800366,52.58412201817403
92.38750391204216,60.78579128498909,silt,91.49888053379334,55.31193133260193,155.4658888573016,25.525943860695772
66.84219163313504,37.28754715412806,silt,24.731225760466096,288.442421369003,167.09251929022497,14.629283720699897
94.38679297519796,16.77262909615642,silt,32.374755972686046,45.105756002522156,65.73326047413732,34.67041198721369
39.465718961289674,13.839042864966821,silt,78.44222364583659,254.1747285675122,115.55299186977639,36.217028791178045
76.68481929079557,24.9500197033275,silt,80.75908775748219,181.03433309650748,61.60770273692323,47.1893154299151
82.75095098070257,93.96529207982253,silt,73.273422400051,290.24893084069566,156.9307183992225,27.06299675457638
73.12123485982134,34.93048194376945,silt,59.00138884525008,68.16549356593258,163.76294391368563,17.860064068630756
26.69083096309681,37.147169016803346,silt,53.79863414630275,230.57177413955606,155.5171408172902,15.475454180077593
47.250008828041956,59.320757283470115,silt,51.467519392025245,163.64986392556344,17.758881675377136,65.15231453354204
40.11012572201449,91.49390117705525,silt,47.948643659570685,93.69302236637874,124.80085310267835,25.068661818294114
45.912361706354744,0.8604955567183104,silt,75.05194651804943,139.14172044443984,113.17245015152415,27.940065496223543
0.2408143816962416,34.44962187456038,silt,76.38338740903532,133.10615282752704,36.82125546174196,59.302748234943564
75.23485232983855,11.943308679230602,silt,75.34016269173182,208.5196065460855,62.283963787091984,40.00074504476605
89.47052994803515,31.616148080206983,silt,22.487287471507447,109.78382185489608,34.393286346895266,45.704385005704474
91.87444211821546,87.03375100375214,silt,44.46633245318614,142.8643217278002,6.139089445367166,73.10094319622507
6.336798005072886,93.86061662290996,silt,89.35470678818179,83.90159727031333,117.49393821682364,35.44079192212993
80.13577125161831,47.565210675151995,silt,35.34175765326224,200.9569350337787,13.487094935318762,63.63955911291449
21.270480546445757,68.49364371235602,silt,86.24345293824868,55.119300552569925,67.24511676096351,46.38610788474221
16.37030615188585,56.652367003571314,silt,73.74711855005785,122.56824199083012,139.773022066037,22.077447719498124
62.699483994051,14.08727967047787,silt,21.852813962613524,38.95585697687123,151.85858489730026,10.46932951958541
80.75914391618426,19.96120912348608,silt,62.03669215596026,243.93220265080268,113.34442245097,22.710364871909253
89.55411998124238,16.068239277796227,silt,33.74365547306684,272.77737302194475,81.4156457678787,27.558376548480595
55.36567422980565,98.13973328321114,silt,29.570436419283432,233.16093341781794,56.16674485701343,33.471647692437884
42.19333553529386,54.875287772527095,silt,36.476931018251754,136.44910125156568,106.7935722793448,24.201653975114926
72.31605940548505,83.64045329374012,silt,52.731226541549894,141.31600075211256,83.44427858846572,30.752775652484633
10.832267423789165,31.263535419477407,silt,33.75134363016194,131.10950964463618,163.52348419243813,19.152748178321815
42.93815199205463,56.59368952237088,silt,73.52612443417433,144.61220240486026,75.21524711448505,39.641393112358585
6.086258320570126,54.00805682883442,silt,63.78622497741611,233.10687181030474,165.08431839255854,17.48133400956794
50.3788612650468,16.945317960717855,silt,67.06087773065364,254.43219384598862,156.64556269241587,26.944138919114728
18.896860636256353,71.25758643493315,silt,90.41239579886746,212.27966582241817,115.20634287594015,32.89285138461135
63.697622212550506,29.43807192230211,silt,27.104806942859618,252.62159880498513,158.44824364177464,13.700614428573571
33.3913553780803,9.35301513079283,silt,42.41107101051252,256.77972834772254,110.17683728238029,24.99350615215018
34.26810184371034,55.14721202916424,silt,83.20305773105824,89.3477842512484,161.96711574282384,19.30735301444729
0.7897563319653189,2.5153275628012395,silt,90.57728131212761,202.45242013429632,128.19618320272883,30.130154251400565
42.04597762507765,79.86112461423018,silt,95.00259558500305,72.34705463664595,128.37491512305945,26.318947752457046
32.14930030538539,41.27548510363862,silt,89.09756159264684,31.06541851026352,72.89960274412434,38.82271627698865
11.041545828252197,79.22535970174165,silt,95.35220783178823,50.00707579616911,25.695287155587526,63.18145655469033
19.785564078574158,7.893967570320449,silt,96.17540291167201,270.47124519760393,110.16187941916603,39.893094055262225
91.92326963027703,65.55200751114228,silt,72.6717327452056,257.01353015553707,109.74527378512671,31.328142746383467
38.97214978984479,50.313389279124074,silt,61.79829192697555,124.22876730751925,75.28389270869813,33.64184366329331
41.65133686758878,2.555976663542936,silt,42.64154574190793,88.729012625217,133.3217779877707,23.81423079401933
28.031054303513315,81.07048838416246,silt,21.537344364528963,72.91898175108484,138.9284096584944,17.59483083360949
77.36497745794804,83.81760147620776,silt,95.35707908708316,42.44176480841795,134.2714368741433,22.9276538245017
20.702560067655916,93.17022663401231,silt,52.33615042451136,269.09289505007115,101.65910238370748,31.223092849417867
15.95239338959794,91.43276242873128,silt,64.5329525889797,26.675411511624798,3.0718028998075795,76.29415776174241
16.193635337838963,59.87384356281452,silt,74.48655695471842,101.82553806083664,95.64471981311729,26.4816509829243
94.63154273679505,86.0170156349167,silt,43.04342331979753,170.42398501134343,84.10632000185616,27.0090996854937
39.4028780183854,56.222755462156684,silt,94.29652759099497,69.77303907355349,92.48158135076079,36.514085673839375
61.749893181850055,36.56832033870047,silt,97.41088585436805,139.23752481584475,22.879523107006747,63.982567327752136
82.08666914229141,69.48596195427844,silt,79.90494415073825,97.7966848645869,107.86498807102726,31.491937200613073
19.689014389003457,93.22794475530867,silt,79.13882376661269,88.4349487720459,18.7123590392404,74.25827251200185
11.218766606013276,25.70700480472482,silt,34.61071943995657,27.05255061323619,52.77464204847139,42.565854954332266
34.190330580935644,50.43048794677737,silt,79.67486271374251,176.54702807178444,124.92337324526751,29.244012096271497
60.85630229990148,64.96489072117451,silt,83.93314896626008,220.30263357030364,133.01818667847218,28.700351386143176
67.76737327105403,73.70219123255332,silt,43.99731459974676,265.50876515690265,51.19154935485367,37.17748789050016
86.70968154805112,24.70198381164267,silt,53.24019699454401,126.1787782601252,150.87438618978976,22.32511241098272
69.43089332962155,79.4038904643829,silt,70.2322864597741,284.51598703935156,134.82126491500935,26.29476855965341
95.08118432576832,52.45748332713342,silt,21.80618583559167,96.50365190454662,104.45057062226078,20.182686885705504
58.406804489320365,36.15980223075298,silt,62.75083840466192,25.51558316514454,142.53478758434133,16.43991002271283
14.015843427795305,43.791585700507994,silt,58.89418347910673,200.28574538645194,88.12648997918299,31.213160339929644
87.15123220777647,45.65089317869613,silt,26.159021802640716,237.5277650455259,110.90594235555547,23.09879308391122
42.691400173556104,41.04970626209884,silt,62.90709091098742,38.9134635472534,50.2249043886107,40.52726711913994
66.21924891280759,41.89341654173221,silt,37.789048235236244,229.9325745225642,43.72877203064015,50.79865298813287
15.451490023428727,72.92632791647324,silt,71.4248203430974,44.196677327088416,19.327192980850022,64.1011664057121
57.1116101872159,68.59990603718134,silt,34.243112669060956,224.81167420972093,157.26420651153236,16.312350299022057
19.613001964278386,67.95438552841065,silt,47.44653468368515,38.55413025607339,50.79290081921974,40.06836430695348
41.11393201759752,86.46653380310923,silt,60.69274748182333,167.16894696389,0.8763419389022484,80.02374827966015
10.781384503042023,47.87484146820543,silt,40.825348452647916,132.90531560306158,90.22899575202254,25.699620430237726
28.45835832716228,98.9611934291865,silt,24.591930065644767,112.8332092432763,53.9988077940609,39.73187809770641
68.47809184423454,24.77437986829646,silt,56.821547530884224,202.3374808844235,54.15010579920289,46.91615652607338
97.96726349426812,11.967356768751113,silt,47.50559075206481,82.19231919678072,31.380652053595348,51.45294644462124
56.38271081348789,42.56520405975992,silt,41.804389847788855,101.6209329197509,166.67753026524278,15.525392400401547
7.589884098935718,65.65506519961257,silt,56.55020859878754,214.42387672976955,100.28939853081299,28.55151007616578
6.698831428882501,34.95979120577055,silt,98.83953006204678,75.1284709724196,21.392017837116732,68.7441020203403
77.74351600174634,67.22735476746603,silt,82.09566630079402,215.77343232562237,22.809474624581696,61.8049917844745
77.68766825595324,86.55166063244678,silt,39.698819414696615,60.0434592580981,131.22319452187338,16.666516330066052
3.192947832088733,82.52135636493043,silt,60.4792907048688,114.82411141781604,1.9200896789002595,76.27117857975418
79.26232705602946,48.97058849648644,silt,31.977763943716813,123.58904749347998,27.771264786303846,57.05159714982393
27.630782067414362,54.95085474623974,silt,36.800528624978156,119.50954735331095,80.29238850468522,29.965480307613625
12.862779912128964,3.8865635535888177,silt,22.836698155915116,121.29922995766351,120.75874919427024,20.60754263932114
78.69801163644256,71.56743093138368,silt,20.315479270848897,32.355665070007404,32.76558021039268,44.75023354551329
53.13431052703059,3.9627261458415775,silt,84.21166703963182,160.5645689600979,122.29633360097624,28.521334101086996
50.67639396702327,92.53628762534662,silt,99.21926190842464,123.78403865400011,21.145175561871234,66.89603659219185
22.33538970142701,53.10056670617501,silt,50.27100810019212,157.1235889288675,128.21551278076825,21.439888114795885
53.74747246397254,33.51612493286884,silt,82.7968691296529,200.87257391211648,1.4287947257826037,81.68144528090357
17.016200806658233,72.44737902030393,silt,65.38709334763665,135.40773637387304,116.60316010681942,24.579823315382793
77.87437138620732,54.53792765719076,silt,77.81554562076238,138.82650245800724,132.5563884226056,35.44759612185718
13.729383687639874,23.803135959394627,silt,41.59909898793267,70.67247272007518,65.94588115876668,37.747272344608874
59.55393109266095,10.161544289761594,silt,41.59353224214051,208.0181776352481,66.95558068640267,33.44624695333519
79.79252529583893,98.45115532909865,silt,65.20542266033704,46.74347215249213,17.287699669570834,59.2957852500192
67.92349127484715,75.24691183338193,silt,74.06110061484331,74.39484046616715,75.32484301856002,38.11338930622324
86.63629629420733,23.733551474637203,silt,67.67694326670565,68.20302325307468,160.99051468445427,20.371328432890706
72.66351286038967,23.111294422685436,silt,69.28431543028333,206.29768443123052,55.17592138039846,42.568050356913275
88.53708982474505,85.50699302539951,silt,46.463857557177384,229.69357122847984,93.99444681802966,22.035820379997652
47.74250852584618,60.026114796887164,silt,30.85233264286,137.43298910730022,29.848856013974924,50.77275577330539
12.781453592213376,21.249560522202003,silt,82.55434046301727,176.20502709885932,3.972043910055479,82.78551052418271
90.94683959294906,88.04292757826376,silt,85.84135062986574,297.85952177025763,98.51552853037273,32.102310252887115
94.88442325014275,31.32387305034393,silt,89.07470048446966,242.9299830286637,130.33419460338237,29.30122588453164
38.419000992030774,40.00549658873819,silt,71.20418473629091,227.89624789894407,147.79583324647925,23.29892264566343
72.13396243862599,95.68927778215227,silt,34.290289515699385,286.3434579745237,10.784168981648424,66.61639652461879
9.019695700812225,56.80009751981364,silt,51.20877699645756,47.44259366315639,108.88362324406364,27.609513887298192
17.41854136199813,69.44367193087689,silt,34.32380393181863,62.78402356170104,24.757028776157284,55.67333389878467
77.87908081266032,59.68937014738136,silt,84.7481162414596,187.65626879435152,133.94996955454576,24.61500750797678
39.09598079682246,14.994217692689471,silt,30.83174493639661,189.30633908056447,91.91331506369745,26.82336641668239
88.21049626676735,95.67483684541884,silt,40.257251448264135,81.89280599779343,35.938871187667935,47.78760646010862
85.32271752989463,59.59606099411179,silt,25.404274538613592,155.06924842231848,15.175722748719554,62.369951212509825
40.352014230331704,64.83526657096456,silt,63.95631735704808,265.55756514324867,2.7342306877993536,77.81696957074571
2.265834095584174,30.428982847636597,silt,90.37305105436508,214.86389721120847,28.895441965512074,59.57969248898337
72.19041809779858,93.73433213395293,silt,70.7456959374563,31.785738144055003,83.94991242897564,32.736939261560394
4.777955047492133,59.85106346815843,silt,82.15375220083396,34.91665276151118,131.64299752220728,29.484814316473443
75.19868881683614,24.472837271570047,silt,51.48763643947433,57.93147748198522,40.13367963939037,46.989878687293924
31.943663953678612,17.503988809681182,silt,35.09694384569147,272.90435994284405,131.69412728902176,24.4418582185875
94.76435394809607,23.89227127923239,silt,52.54563627600405,248.7194606445069,74.40491019420928,32.504026127936754
36.85354676214884,50.07210723746815,silt,69.65155069282699,136.5417873849189,72.45912762815567,36.202291296311664
53.53472984174117,21.945623376954636,silt,89.40209744864606,230.5259443232329,68.92687005358293,48.28772643920974
0.6995941809373019,34.448922264239656,silt,55.22409185174308,154.19458957506674,125.78688825533693,27.874318960519407
37.999713044280305,35.059984952787474,silt,68.8412181264317,102.3447439026842,23.746856080951794,63.063442857787145
80.9529956809022,95.84995530241278,silt,37.426630294713334,29.89753411665941,73.45994472400187,30.665931025366202
13.832533887175892,11.718552283459838,silt,25.516222739667363,235.37994970629305,132.03565768403453,17.763293923333492
5.329184512233609,72.32883358152039,silt,55.890304676934974,68.42096603256637,49.58116976141315,44.374430141236985
32.96514722696811,96.97492267415923,silt,57.97933933657595,127.3413903193395,113.09179206663016,29.56016076168263
0.24392804052674188,61.84736983007429,silt,39.501517981522696,128.18925143667843,118.66661364345384,19.60886722158096
36.86551441550969,16.741035183712405,silt,60.43857497982025,112.82565646448089,153.3718718125566,19.17549332829293
86.59639941704125,39.018102848351134,silt,86.19497310303684,40.54764809732162,50.08399629542651,51.11904135743235
3.165018071487391,91.88622453231189,silt,77.34949955197439,196.90526772882941,89.45879198118794,39.42766262163194
63.86903813864535,82.65797947401032,silt,67.75108446364226,230.85970985549267,47.20431270739546,44.53551557578359
3.1897208437028923,38.657659527731546,silt,90.5639641202963,74.6438147387023,23.744799612854536,56.216019297729915
42.81947005168275,93.33940606617277,silt,86.88956277670569,152.62465036489138,163.4598169481093,24.54460340130882
87.36587319818912,24.605698048682545,silt,59.11712594399862,33.17223367301916,1.4918724687634057,80.01945464948368
11.829362246560072,54.78082371108176,silt,75.6805985768016,33.8645112131508,75.38855505647457,37.885565697919795
88.973098785485,29.923010060165645,silt,97.93732237474642,257.24891240641676,109.30669210975152,35.58424558877265
71.11103761994985,81.61932690703534,silt,44.263989990924586,298.02826784943306,152.64805411877936,19.955949076547608
72.28299157753952,52.40088946187819,silt,80.8744441757621,252.42010606644487,3.901389266383144,79.19612329223973
33.6467415876727,91.76136326323495,silt,51.861886651471174,269.0658591805292,77.6888973221345,34.71415377623993
90.06451830624952,56.06707689186775,silt,48.838743602403305,37.21192599764962,18.636766251301616,60.628001268890095
36.48362904106063,60.7332955744344,silt,44.60720915375439,43.02009928532006,44.487867869312076,41.809476770505945
99.22699286723291,39.29869047509386,silt,27.135633499795517,184.8065739803317,154.49953220121665,16.935674198136027
83.62183091872366,92.82317961023304,silt,70.92348027084304,298.60375092971213,5.591303739781336,80.78254452610526
85.70106695222617,91.6700390761965,silt,58.253556610867925,241.632878995665,32.773507052358205,50.131151274353364
35.864515236346136,59.61736506619755,silt,74.04484057266403,120.44388335519919,36.32803428288249,54.990345628614996
66.39572451074426,67.68742336728106,silt,79.30535488192791,59.797567357494145,137.51092156274956,28.198864095534454
3.0505076690639177,33.55978494350508,silt,57.33690047251817,124.16980985637407,19.726037219013403,63.64121036103885
2.456139491013254,9.307716135256284,silt,41.304009417963584,250.4918230498259,88.47510166944964,28.508618036570518
66.2162943958549,54.15105603250052,silt,30.5211141404501,86.22142505165213,37.38375664642208,50.0948081935771
46.16243661893464,38.75850625608537,silt,64.53113383054304,291.7818410902032,52.7845006173873,47.00138749619719
48.03700156441156,71.66430317458448,silt,78.42322143863329,225.49444838858614,33.85528942970913,61.39822424600527
81.11746910291376,38.15301705406438,silt,98.7404093831943,125.31635399285477,83.60802699345066,37.94181409142229
43.36638024692425,84.56313683196215,silt,32.422019003841086,181.10779426384534,103.92506499571117,23.23202044994872
60.92001599261084,96.00203477877807,silt,89.77341698087432,120.90348579700115,144.4642828088602,27.662922114532066
25.71971809245863,61.020880666440846,silt,42.544312987370844,203.63100174760984,15.731991163899679,63.669494766340875
41.981982859534284,58.730717867643676,silt,22.06899220187985,216.2464001828403,83.3265474947209,27.236477924708407
31.566797237617404,14.582017342141441,silt,54.83431535969136,284.5942583537499,38.269396477839294,51.40311770431574
4.984354403454139,71.80997852669284,silt,39.07497494411945,149.16719156306644,61.78252089992204,41.374612848320965
34.55819525117757,35.01249582931856,silt,61.76845112238013,292.3966715584965,78.9629437817859,33.39245374051785
46.155765856255535,10.754330087493946,silt,38.41223162207521,137.06736091584008,54.66195385899103,43.90185272551854
67.86456021965513,57.83084519186734,silt,59.298364098935245,134.2494200294934,102.84832989177791,24.532962131931267
30.311635339669994,17.11846164610744,silt,74.16789752198534,31.811288386717457,26.909818600014017,60.1218358146596
99.75431482220868,48.759047782809304,silt,59.62960584174066,237.68465961529552,6.079849040256611,74.96234140398138
9.982788181495984,40.092638265648596,silt,98.70574729030999,232.24915222092432,165.48770711511662,22.871340797698068
60.81100718065884,75.42208329272434,silt,72.72733383767877,152.6181582230248,49.147784112875286,49.37655229656894
25.849347390143052,48.66763464421453,silt,31.69083247368688,180.48365221676121,41.2076600564336,40.73427993794534
49.90281417823884,16.252625302158073,silt,96.99039069087353,147.90968673304096,59.18291057729418,47.08394574931261
84.32543631122329,62.58339153063843,silt,53.31241238730378,92.52151981808082,125.18308633746472,27.84348185777495
38.08097056520202,13.487606837923128,silt,28.73557978181899,26.749542391818625,124.98451404964928,21.824707002407145
99.28177527535682,78.41972543429256,silt,32.97470226368348,293.87010037610844,55.072658424327756,46.21039177649754
68.73369528924388,4.904918707445138,silt,86.06157839260474,299.2567510341296,130.21172271910612,26.766353028488012
39.0313670566551,6.592138901565692,silt,83.41339473875387,189.21847389882015,152.76889977251017,33.55010088022084
30.51230630941083,36.06561537233864,silt,74.66237668357532,241.62991985336762,161.4514286421826,23.272755880215488
49.36364085642473,2.896093008129841,silt,40.23903024871103,127.85096473290109,99.7594426962753,28.766853351988424
36.447505977699734,62.40779665293415,silt,86.28925416936002,91.46231157081704,57.603147715749266,43.8380718597215
77.79405987585302,82.53968717346473,silt,36.74649751176229,173.2984143422143,151.20186455224777,14.839955502471694
42.98830902215557,98.48229439006857,silt,29.044211682600434,219.0405471019499,142.83093334286983,17.400499121645474
71.44532360072374,46.97382220104422,silt,88.23127077397146,274.54938712987416,146.57746372996831,29.407563965062046
75.68552768149742,92.15275749858294,silt,69.70787525367447,190.2409166315848,7.560905082882647,75.16715545865068
4.640356082916153,31.350960638467395,silt,94.06904522297724,286.17991425061587,166.639290799955,24.57259292147312
17.742954638101082,48.79444868290839,silt,28.18503400664394,264.9474299667417,94.17025518877281,22.8422726464424
7.95307024808044,40.52406768166305,silt,89.29532867120871,218.4366314312335,13.852526941842385,71.61273697742286
39.23084907075046,10.137508268591866,silt,94.72329535946167,204.38031227349086,15.930264219062769,72.42254316725212
36.84059285719429,24.487064455322084,silt,65.59879535517528,28.67733660814886,78.18680689751484,29.041719484157092
92.80575959855683,34.25547044164398,silt,71.39492705320355,87.37644555142923,94.11579592543113,32.066219786461595
57.135650862745294,17.172211729323095,silt,95.29860454085947,268.9023060120052,56.6022659074051,51.750929801812504
9.550413073219454,74.0360908705424,silt,42.59673036901633,62.301486385862134,113.9361246078071,25.052186622491075
53.013960173044396,52.05297841379208,silt,24.755838568481565,39.12956850048618,100.99614066328029,12.774806357339545
37.843933188781776,61.28512795604274,silt,72.5344524602461,252.77583380105168,70.68302364427599,41.96649987810944
57.856037560881724,31.2045283300319,silt,24.30603219532893,26.16212970640378,140.46906990791217,17.966843954019307
63.025466415913556,57.70474786439196,silt,51.970646139241516,254.21065989267427,117.33146807648767,27.562796624094922
77.66940733566847,50.69988180017623,silt,47.76154312662775,224.89328054071143,115.25902578057325,30.7819997020492
98.30388714978814,64.87084867117532,silt,68.46237699631149,44.21709995748732,46.92555509791589,44.248044305244576
63.06257043096763,51.27636307303778,silt,81.0426346777113,97.20612092867302,117.96237520745737,32.658500744476164
76.50499755829533,77.08465845880335,silt,91.08056458097323,48.14909918213461,117.12818399084931,32.785038122406945
57.36506498745382,21.73163119843926,silt,99.90030446193703,73.03625552590671,56.373693158976366,50.419455651092775
46.45128687500682,41.88760096109583,silt,59.29927172084582,280.1954350152431,80.35849682014981,35.95148975958311
88.6682105918468,81.77579940148323,silt,39.177762498035534,28.554637687933806,105.75593148994459,25.511004802828058
55.285011261040005,21.117692001284517,silt,79.30840725402454,209.12330271809924,94.92546628463688,39.53003083148635
78.42423529390328,66.79520914227804,silt,73.18069352185746,207.1057244320256,88.22767714598274,38.9581727651625
70.96004594987197,61.049448147023114,silt,59.19844498404345,59.831872325536445,117.92403649373182,25.289280257237866
34.22484259735036,35.63231662150768,silt,39.73779073082018,289.5266955003802,144.5138289619454,15.551470277434753
40.165314655851425,73.68252636964233,silt,62.218254090079775,293.35903432665634,9.260599138921966,73.04231230305064
56.861101797337334,20.327922268890674,silt,68.3443330840154,239.8913328504738,23.202439879058637,61.34697432937595
68.86670834493552,83.38635706729713,silt,59.70752720290858,81.69223639915593,98.41427493838634,30.431558677034538
77.19254270044858,55.5576064202948,silt,42.353827597634464,232.45805292332673,86.98149817760923,30.372112004020824
56.30723231419945,94.83200598458728,silt,76.4413008750189,107.1709244009442,119.42669344920016,24.949222857527552
54.268883754126186,52.65957637875528,silt,39.79127031294429,120.66732996694996,158.28648440405567,17.599202400428076
80.10270436309858,66.737058001214,silt,62.61033060206116,62.81658910291995,34.36788645467147,55.63378103968225
58.67942589737524,97.33831967184781,silt,90.17914102199958,31.944267805633743,45.98607290967421,49.035537145086764
97.56778418979017,23.561023459781506,silt,36.10505480310351,195.74070573512128,93.43934604056412,29.48232625803537
67.03648645372422,9.700721129468914,silt,21.54952528247137,47.664067444245376,61.2978619639298,28.278556001092795
54.72469988093639,75.47261030154672,silt,45.71966017852475,222.81824300791553,162.31844128455606,13.42671464909131
99.9059434735025,63.840995103166605,silt,79.8873129971779,94.34599068324124,108.03924922177659,29.439236029021924
95.6402645477436,90.46750477895155,silt,51.73380791400618,285.3891816730142,148.64850886200162,19.341962079314026
8.211790878954028,16.079024065953774,silt,26.149939573904017,54.698106528491785,164.12799889803705,7.695291472505881
69.0854582340663,63.65282576827697,silt,70.49158918824031,81.8435998889082,97.3302278566144,32.334283394292484
57.04053166451111,18.616246727567866,silt,77.84484776597671,45.141869527040534,99.32160198569647,31.754443801122086
25.028659313307365,80.73889890261387,silt,34.07140533377471,281.5699839719365,148.6069247579594,17.76031072895161
30.51529308585933,13.748668341890212,silt,93.30622527471647,197.5712611763998,5.33964180009173,82.2130038690112
8.579894782938691,57.375068495284175,silt,60.716937465665,47.78266251324855,137.06457964361783,19.49977976824855
54.148436416669895,63.90388766305344,silt,96.98436268601333,160.79821554195763,154.10904974437113,21.03262876570333
85.74372016499949,23.582622695141676,silt,76.59838099483342,49.36829828262404,165.65645992285476,26.174608968952505
44.22136385173777,52.39352179902536,silt,67.82198898544178,100.63532891465925,113.31120111446732,24.40518429221849
52.50764923252756,14.774069248521771,silt,93.534875511328,56.6373976450442,105.70092434336591,29.670317738396474
14.610070913292262,2.0538314028828997,silt,49.069126708540765,200.88520521606043,87.6194289151225,31.867140184231417
67.50188608709529,14.017374399423865,silt,24.586992273737245,196.9734886195342,109.74168323584077,18.178368431725566
24.576246632407074,81.07652169822539,silt,26.054881239700567,198.8857420633738,20.22913802773452,58.108202868881996
41.77257878234965,71.81030554376714,silt,24.175376198154773,177.6478218321012,24.33948701185338,52.45720211102655
11.995563131168241,7.358332295192582,silt,77.04982385468901,42.47128200627764,37.721177412494704,59.49854755281705
80.96883078082263,85.41257577807761,silt,46.0879911670971,170.21320790630756,129.92235523783353,20.321717086830205
72.43908792157183,9.748634939465461,silt,93.06004869014942,200.2603001906971,82.87529253187898,39.01241899203689
34.59173724546537,72.7123665317149,silt,63.275489668351085,170.55920612757228,32.80131028365734,58.25311890092803
39.203390106135025,18.275333843853414,silt,95.50278012770634,164.3696553880414,88.71015678207739,47.46524922730434
36.64061371704934,94.30206845624495,silt,75.5940288908384,199.10129900481996,39.38227472633674,53.83042896214535
43.77838382851388,1.0170961995725092,silt,25.680200861630674,188.71485781595257,121.71126795626861,18.684614507756752
73.25004126737738,94.97258265947518,silt,79.45408645809573,240.79668538313405,117.71971348508646,32.38257855756127
36.088994215583604,94.92669627698173,silt,72.8968463176095,241.98180183186986,162.7406959659058,31.767371891334186
32.168666732655346,64.48016528344996,silt,21.948597902720586,182.08524626676908,135.85964775843578,17.801364556682834
29.539328389611086,72.41040833360617,silt,31.682529974395646,271.0627040515921,16.953725214796506,58.73426146965833
49.78094277362325,42.86470034878018,silt,60.0529408460345,80.05673335055333,76.8911773658807,32.579967125904176
80.0955242218799,16.304853449132928,silt,73.87367825032494,260.630247865492,137.72095488795995,27.90966727179513
4.809284034611583,93.11694229737492,red_soil,51.67080926784496,124.26857524549453,127.59851067244058,20.221423390940682
83.4747923167292,7.605156081931563,red_soil,79.25689605729687,290.5921098714212,167.28915787486116,22.469686104138734
87.07624054063095,27.888022445773018,red_soil,97.33186901038113,280.17156329894704,89.77458118023134,35.478745414390524
10.926725355818823,59.06340778251248,red_soil,76.04367588177581,136.09906037492047,68.21296618592935,35.319010281973775
2.77840959071618,95.7865896386749,red_soil,43.19245656773675,63.74498698644203,0.9220505506111873,63.37135331554763
86.32073757996692,9.530660451771011,red_soil,32.179304231104084,148.17311359588618,31.198301075141018,33.93880961510068
5.803974570572235,54.9709332385866,red_soil,50.62332520911233,152.8602830153692,71.3591957728611,27.992975440260945
22.028148530856228,6.480769891042659,red_soil,29.222846023925698,293.9210761652016,47.00418436177833,36.31204713631667
12.710633043212106,75.51642044967515,red_soil,93.93142481498256,242.18139769332902,102.91945934494086,30.22937478785783
40.423023293285844,85.94973550806874,red_soil,83.88150797105456,25.47427717048773,81.94941466614286,32.771794616673475
8.623291636769547,84.61960427477749,red_soil,20.635974744089786,225.79496306522407,166.01627632752727,10.160085481314265
37.12405299414346,60.58329544747134,red_soil,84.37582621181377,91.06929828820168,42.11784009779409,45.774445101892994
93.98798208543053,29.843997575876347,red_soil,50.140373058321046,298.16665790157964,29.605323754694652,43.158675344210046
58.97552388806061,2.4266988421632996,red_soil,34.434658501985815,196.10752468987872,110.79808331614394,17.963374405228652
38.37480462293833,57.61975844218483,red_soil,71.4708602426591,245.95756273020393,133.18213913925436,24.99261992275178
89.42325832284656,83.80252535954187,red_soil,30.659680657435217,288.08684636395793,149.81270678941064,11.213840284613136
2.0184418607039456,60.39759467582875,red_soil,55.07340614931104,231.1308322111863,88.1327604374486,27.154509157911757
24.468742025477585,88.25237561265295,red_soil,23.015175657204008,227.58415908452895,49.046509335840625,33.06677850632667
53.10054319116085,25.008135730720106,red_soil,72.15683543981302,215.69660997691597,14.289992584690216,60.0033347548214
74.43773012062915,72.16375598411318,red_soil,63.568267512419126,238.8605644637039,18.08434203069367,61.35068386977753
65.74893002963448,69.33338678951289,red_soil,85.16214842568561,74.7851413876457,86.81763878442567,30.284356793005568
22.369957382901507,51.692786559399075,red_soil,71.07560195124768,83.97361565636209,63.094652922023755,28.04365540271099
90.29429044285988,23.679888192999176,red_soil,29.666770078863756,34.667710669964514,7.552183365106829,53.204606782132814
60.82085113069523,1.7649874511122654,red_soil,42.939513980571775,40.995895113907316,67.81467341026016,27.212904726586174
60.754177662082796,68.84242655190153,red_soil,78.50700397150108,86.69443462772014,145.90802720957288,24.50386306064319
5.665021929982039,44.076670870142706,red_soil,81.42051946979849,110.49582984806318,64.10187401642048,35.71904988838254
5.54808801158978,96.69350405079173,red_soil,33.95848084877823,32.33479990272159,0.8942609827906027,55.33471087267568
88.42533654753777,81.9762079217929,red_soil,92.9636638599756,171.79013781544722,75.38936729102761,35.77970915883886
4.641807579130585,90.95212563051535,red_soil,59.6940873827782,150.14354353916528,86.5481378183717,31.63471223402199
22.447108598256392,70.99006789949233,red_soil,76.86157926832263,258.6270151210003,1.458844541930162,62.30112677732669
47.10468520447555,85.05403874614784,red_soil,97.20934893023872,188.58886903683538,35.63850787106738,52.36360479482847
63.94439539862674,21.00691470594046,red_soil,64.24699391367089,254.57328051457307,65.48970094163113,35.02189511340604
3.6140336891073765,25.40845784245549,red_soil,75.85531676954196,124.10759241135402,26.59421810470689,53.24824004644278
9.505337815070892,65.91334331178952,red_soil,69.0097183034839,167.59327654057336,84.05484329073542,31.37092622690198
50.060422476008725,5.993777660037991,red_soil,94.06867668821504,40.95757735071688,71.15307274217831,35.46880976061125
78.61504387832446,16.617018853563003,red_soil,93.99328142573425,37.09388066165524,137.89227220682372,25.95171715581255
24.973571888589053,20.241960923059487,red_soil,48.61423467016179,252.8107928732226,144.80870012035652,21.46513279209354
35.34480396843307,23.74913839022539,red_soil,29.811427811031834,202.7735815704552,58.10633190356993,32.593539707201266
86.59977735019763,74.83179309035664,red_soil,81.9008918957074,35.77887007540204,153.74191547081912,24.449941484852523
50.38028046845188,1.0585346027781162,red_soil,91.81297683472837,174.56987938365017,138.62578167320993,26.53208153930644
79.66936135108804,69.29317485578024,red_soil,93.67711218686614,87.00815124337616,33.95281759512841,44.18747113961557
50.1394800583469,59.916117033487005,red_soil,76.68339753529816,175.5427541750007,132.33249920792096,26.89060115138278
85.89904435996921,10.767635292560074,red_soil,70.72031815689495,269.78643956986934,42.45261348748638,46.46595315821206
30.54417784927389,56.42637117750338,red_soil,53.029745245211885,54.688803373598155,149.73625325508527,17.93079405908224
53.408001098852964,59.48048959372615,red_soil,23.260147491803338,51.32089010494274,163.2438713521647,12.108133043682122
3.356517704642692,79.41992206529987,red_soil,60.68342474219884,45.67988232158079,114.36635247202892,26.30595028115034
20.491980111092325,87.77022720888196,red_soil,43.31038866402033,103.25307474965965,45.82596174110283,37.58501399265848
70.6118670380532,90.31456854703575,red_soil,38.347137566742376,241.2502637742723,96.27165685672011,19.969798148903337
3.545413240775064,81.894754985111,red_soil,39.28570972106851,198.72933495910286,92.20981325804851,24.439184814929803
99.43436299397625,81.43293558001288,red_soil,58.91770165093456,212.09387681665535,80.0678317472498,25.45842362387407
13.432854581889409,44.635099523403035,red_soil,46.8429741658288,151.40519196085958,75.67940568054118,25.95721923066672
97.6488570709029,1.549214278812805,red_soil,20.805835585391907,127.6963625967559,104.22322669026534,16.48506472828368
53.31940039041611,72.27719679634788,red_soil,27.524848723212088,295.7161622043817,56.56570882020144,32.46802666516197
11.07198581865757,70.94863887213265,red_soil,87.23650776499888,53.95341414092115,21.145009934171128,54.785226867836585
1.1935815375329284,98.60512943372298,red_soil,67.87072599621197,192.087098739975,161.10564450147487,25.707087082533818
81.42429309683494,33.950236990162566,red_soil,46.78907147717163,105.22793894847788,58.244887978421744,24.240413868795933
14.000368898059335,35.594786270209354,red_soil,55.7397628195782,110.0705181553311,27.77829065046803,35.9970424473694
48.090777321643586,72.07283866671284,red_soil,76.89902091797363,80.74113354791416,6.158106388263837,62.04122649728785
15.71363048589508,39.578847921569405,red_soil,98.34768953220834,74.79462699893577,53.57082249505878,34.57987763478893
50.91827828619216,4.392814357338493,red_soil,32.93520145290573,282.1936275626289,17.33171878015678,48.834331286545556
79.23256488409115,26.54390627249239,red_soil,78.0062402510952,71.72117423329956,47.83804617207678,43.29514266788544
99.64349905642236,21.45722952179573,red_soil,30.3365971706868,279.56514530738787,27.20435656181926,43.78620001330547
65.045662764669,57.686149807051876,red_soil,80.10709692372615,224.64971321571377,18.568399822276703,52.52841269887329
89.65919628619162,62.22891339424068,red_soil,61.82330650658513,172.47661056745878,2.50940663034305,57.06567706321079
65.87062087749484,33.2139465051313,red_soil,57.702588023483955,199.98541683220796,71.95532572623053,34.637369977763136
70.54421098520002,0.1273746250890495,red_soil,21.86235851858024,214.83255595380297,69.32437638764446,19.09338392083911
17.301540948626204,1.382691405229186,red_soil,51.04658800909698,227.41762868454848,163.25025920743153,20.082644683441927
48.407461193713885,81.28172831963666,red_soil,25.626436629409124,182.37489558584292,155.28213338643098,12.335478976106323
96.01006296631157,22.06850967291053,red_soil,28.45070476267148,169.3096424224678,152.41747449284568,15.33252349568235
80.01603193989524,16.919726588028094,red_soil,79.64563168007517,178.18240888154352,29.402851866254533,51.109803825887674
71.37561134564272,51.54352291434403,red_soil,38.03741101141397,61.38082036737405,160.8188481412446,14.992125974644697
80.9241483573384,69.69705290502417,red_soil,86.35789321538311,69.68497543095394,83.48763772390346,33.63671298900781
10.338989989521796,14.99569493284083,red_soil,70.71860754007572,263.8940961698005,110.9499180621884,29.864233270916454
97.0432917090323,13.950690090624507,red_soil,38.60497868419918,293.1160025237992,129.53354343776698,16.25782736103795
80.66196928080296,65.17344750032001,red_soil,42.764239909040484,114.89239646736948,159.14154027145412,10.319318180111528
35.949044844232645,37.326741762070384,red_soil,43.81555122207078,114.68578922187609,144.59213433651598,15.339813886645011
43.60526211095247,94.28396785279078,red_soil,63.41090841462471,148.87259228957348,52.478127189530795,42.53065497226092
22.44864780275129,9.045840993687126,red_soil,30.13595437723426,69.9670496347242,50.74094459015878,33.633735389475625
95.01438855932477,12.381909267697456,red_soil,50.651909788766964,266.87007892156464,17.90341899204806,50.17922319019445
84.47835975413957,55.69626240341401,red_soil,36.8274876338208,227.26512113845988,114.46529856174132,29.96623734826048
4.629516158137514,0.7864689896093902,red_soil,86.03143065017373,113.42827442874385,23.145342965791976,52.826474415439726
92.08332957250902,0.8480864522397713,red_soil,24.491483254113156,139.6873564608949,113.56227233485065,11.358931877565928
89.75484384654047,4.408455553747814,red_soil,47.211269571499486,121.6206695818982,57.141373965705405,29.038662701299927
79.05770451946104,31.788261640281736,red_soil,79.5586565305762,65.27800460174463,94.20177574650364,30.005875755052056
53.92108022955706,10.774975037224943,red_soil,96.27702774087268,274.2088821204889,138.83457912082565,28.356845187880474
14.66878701814861,50.372177301966595,red_soil,45.43273270052187,269.0311338586436,31.825530659910367,43.30575679944374
68.67144563550109,8.889965908766817,red_soil,78.58937415333118,98.73500428638364,111.03714136488075,17.35183092654099
60.96113732349906,21.268373328610902,red_soil,23.933242043137327,37.26884221614311,14.920396178353329,47.12457335413058
34.82178540406512,24.310697739589816,red_soil,37.544524623775295,285.85992127335226,19.961184749868497,46.104219422765084
47.14772620191931,0.0449526074255413,red_soil,93.67625499805796,52.25211245902856,114.65506091527698,27.448662149317464
80.90638551047373,65.13877305621524,red_soil,81.55099337727836,140.84336741684507,82.10235508467271,37.239475837829744
56.84267210550511,51.15385502667199,red_soil,36.44467248436395,95.97977172175324,60.22753649797811,30.800928939358343
41.73634495802369,0.27684757639128144,red_soil,65.20123487370694,218.60791146739595,94.44097011134123,26.494351020133138
0.0013168556207476811,5.944197328430956,red_soil,75.87699527004443,245.7975406881119,120.57386390941826,28.79219629926462
70.738266381156,73.95899257961658,red_soil,77.95019986940554,227.95233136429343,12.43531084575038,56.56786614373119
36.1119943229439,52.759671454879566,red_soil,81.00952431373821,117.04465016752845,46.21966887445065,41.04698754001088
24.933685145399497,82.08413768144634,red_soil,34.17068397760309,123.85521878993111,67.38070238363358,31.97051799044334
0.3356913887012647,23.550925782124786,red_soil,47.0122847103099,111.24684599483226,131.97332340817078,20.6453650926135
38.89486996552407,3.751545557944125,red_soil,94.45180529032075,242.3075951835515,165.00314867198625,27.72504797005186
31.581277211608437,69.15834123305802,red_soil,44.52432699827267,269.2580766806466,69.00648215451335,30.747842945219166
91.40687442333333,83.67402876198543,red_soil,97.31308426914413,43.28422353297289,40.88093151052846,43.649982768208666
42.43520609547621,47.3130045948536,red_soil,43.317794245339044,242.37386636488282,37.50501627348949,37.66897181069476
85.17683155920975,60.369823915958634,red_soil,48.33271407142567,76.67009160407912,22.570160659820928,50.87031240894003
46.913199758351595,4.631955116736764,red_soil,98.70716055540962,209.60837532197226,141.82266863973217,31.01586854333449
95.54386208080248,19.95250209241273,red_soil,34.810889835105286,269.8420520618487,149.80846675296232,13.012803066571205
12.578635535397865,30.521645820327194,red_soil,80.33218704275741,257.6477747003584,58.40599762112927,36.8914845319548
66.57266815727806,73.94970414382935,red_soil,53.92117406909541,185.35184319491407,165.87841158404598,18.066347931707032
61.09604135626425,54.910719602446314,red_soil,89.53036463550366,191.377071278582,85.32552376173672,43.282823436154445
70.32091992934255,13.210736149470037,red_soil,22.125591469137895,159.34606984245212,96.17080572081903,9.947919134858473
71.23267944552865,84.85903202275773,red_soil,47.711043122460424,164.95153770949108,163.67719043119175,13.07183050689352
80.72904248023839,52.59891177444961,red_soil,37.91694812240513,184.61512523299277,36.634420766214014,41.34125476220395
23.589601547334325,19.314383235509037,red_soil,49.6736941759547,269.36414854755424,65.15931636457753,32.33529265259341
55.561302013158134,0.7614704222566937,red_soil,35.09893703225721,281.10146243221,101.50113896121671,19.33129105519086
31.012002030345286,71.65623782827429,red_soil,81.76201279178079,293.31739075247026,3.0536491723853976,61.01603623445268
39.159021760416515,83.7992405744867,red_soil,63.57703345768671,180.2786243341755,60.37548521532362,33.48002949717181
26.40135708378334,49.224138617860646,red_soil,64.81395990139804,229.19330069255932,79.23473662297822,27.19183845677466
48.52940963479754,65.93206369585947,red_soil,73.93147809665186,220.09642914554203,138.31436536853477,22.84602497742724
19.327816386989326,67.96408416190553,red_soil,26.16944667937295,85.21263117682561,133.08246481568625,15.313543078288868
49.80441676512171,98.739691848353,red_soil,38.813798867913434,30.377006122382003,18.71059839899781,41.671150260798925
72.59200243964692,77.5822031984762,red_soil,65.2391163211291,95.13775964199438,87.65263828050637,27.24597838334933
68.18009427417962,61.42975554091679,red_soil,21.743723150523486,249.6781992490188,128.25565790723647,15.91870090203362
63.5376650632306,60.149296346497316,red_soil,31.45442233814962,78.14630780645061,114.77863088632576,21.66903603782555
57.628432069875316,56.78131455595449,red_soil,71.73453557630708,146.15903254898544,9.10090330822575,61.12261708169275
90.02522101178897,80.49468003915486,red_soil,94.19388548616523,67.02868591141291,85.00090318252336,27.430955074915417
20.992550999297443,20.097023926897005,red_soil,82.56263461142419,209.75927718935682,108.7275061849469,28.978514672462463
50.676942424720686,2.3069953489327832,red_soil,30.395684208034233,167.5189872592176,52.02494230616135,29.001176879780054
47.14847232670106,8.356415635685066,red_soil,21.427387780424993,224.44591530810962,28.81313199245274,36.031358055254
42.3807222640671,26.406058915346463,red_soil,69.32616637969515,158.56543948653504,18.723701048174654,51.384025394323125
42.58588544142481,61.083431958930056,red_soil,20.315386602614538,197.2600091950477,47.51877598119699,39.7536015136277
29.772060382128974,99.62607446422427,red_soil,38.46738517692988,276.03639040954556,154.21839414742604,22.061651845290548
30.400311552335623,38.10355468987912,red_soil,99.14712699134384,195.16896251784166,91.52307995386728,30.776082573409944
84.78430303970256,8.3805455807199,red_soil,23.757789362750508,100.5859736824478,79.93248564966305,20.16977511350157
79.00787990828387,19.7632144505843,red_soil,49.76636227418212,239.56607277019276,88.55153117480835,27.29929047106734
39.60552026783334,62.593580450970684,red_soil,97.85805398470677,206.99831508551247,2.7207872548746863,73.5642792233597
25.08648074572305,86.21589142138149,red_soil,50.711192658091086,79.89413538243257,78.61512733371939,29.585402803938305
23.582148849785057,57.3261800773493,red_soil,81.38770166807036,254.61245289396578,66.8085382390257,38.147973933574754
48.397499846555334,43.37814770283859,red_soil,35.75831586024315,271.439847814633,163.65690650747572,17.442860810227966
79.57463798574325,64.57165579415387,red_soil,40.91490065327264,199.66793252777356,21.612056202823716,51.514422818985906
99.34890750522605,63.636985845866015,red_soil,40.25780996265868,148.75933787353563,159.6148146260372,12.24416377233305
90.04445320023441,86.88091979784616,red_soil,47.53250528726746,216.4024761212032,110.96374863547553,21.175738490983505
36.592916426748545,5.223649849813272,red_soil,33.68313928900088,194.55226411028377,130.21683139875537,18.747230037277006
58.36815851150307,8.475814571489249,red_soil,21.383090174864996,240.08898326357,92.29524094389693,17.63617310122793
16.278846147938886,40.74231707711435,red_soil,93.53354296623785,72.18944759297057,10.336519840507448,57.54059846387869
59.45363406217563,95.20305058577333,red_soil,92.51747368439007,231.09335731065704,3.2184159635463674,68.396100920628
89.61019365370389,43.365108811447726,red_soil,96.97165756903958,204.43419467709518,18.388797427189413,60.228474433282486
69.56171356451476,6.536897223962068,red_soil,47.571962565661394,222.19729233984623,26.387988867581733,45.956450421203044
68.99103224672339,77.55409018641139,red_soil,61.48094350603365,288.13582011750265,155.4555842782314,16.379793528093792
16.027441011132236,77.29315638839584,red_soil,39.45116603145152,256.77586024975386,98.64024931405652,22.860203761286623
55.638335858254415,53.280876845792726,red_soil,93.97862767199341,83.94983868442978,155.93062002868163,26.780681380498198
76.92032815330766,91.96681307115652,red_soil,51.524175278922364,45.0934764236985,135.1841452909433,12.284544075692637
33.62573879884535,51.85932856859061,red_soil,84.75752544081196,77.81181874378288,105.66792707373337,24.553551337790225
17.441575225426355,83.14402072509596,red_soil,45.974466575994136,281.9671818051295,95.58089012972674,26.588407881524823
42.330594421935906,40.06708898563054,red_soil,85.43730198696832,211.31273360868465,129.97994202873497,28.36058971318205
26.143722470273545,8.686521852818196,red_soil,82.13247919872357,139.20101839236864,85.54956347224274,30.30536847809642
43.11378563692402,68.38995770678497,red_soil,68.69872926068868,292.314794627184,23.33585648507092,50.32671483463975
6.324016340231397,80.79184187082,red_soil,69.30490666008745,142.80417439794792,134.77558998018293,17.511778996184734
22.778609531344717,47.25007611103369,red_soil,25.666543730987136,271.9118051508316,122.80100695538947,14.420416000397038
87.44933040184422,79.15725888150837,red_soil,54.54820722027519,57.62501041949865,62.725283036800064,28.289360676328016
94.90904912313796,76.78708655237956,red_soil,36.354446645711,78.47371107764417,147.80161382796103,13.758332229180935
58.413747733248925,37.82516822790678,red_soil,44.16088063689412,211.28005706116963,161.20760487752554,16.231227821105367
48.6162593101554,44.07115082022164,red_soil,92.61313506579094,183.97945208028233,83.43535587512079,31.184627594664704
23.71538171295264,6.373548757487968,red_soil,88.40891523882752,191.99696769235064,27.699353005811563,53.19602181428512
98.99335125895308,63.44236324636553,red_soil,70.88897127736979,44.845007382398556,162.79061135298053,17.56730605016089
54.778244226322045,30.938891645087352,red_soil,75.84441827088733,254.17795847976402,132.06839685030658,27.198627340347972
63.68553986669425,32.12254315588653,red_soil,59.83420904548269,249.48722118641953,44.5775546521834,38.28140143881415
72.48345803264708,44.44274265154108,red_soil,85.32563161517781,64.51298619372194,56.39700580910033,42.77888901838258
69.78681480662735,75.93292133266495,red_soil,56.4802156709245,156.4580785097073,22.18135630857375,42.9200801384263
99.23176335992474,77.79218408318094,red_soil,37.84898585501025,196.35875338841478,49.55274419159449,33.169583215085915
17.982285565583357,10.259357226384136,red_soil,35.67460428545553,243.79121589847594,49.19579851711253,37.58231985002614
94.88625548427709,57.42731150677747,red_soil,58.832715360804364,231.28497328732254,16.311143502039123,51.41304236313929
49.88245949320606,83.10513103983777,red_soil,85.13741281850395,258.27297395874484,117.24265188177391,27.125756672478705
82.78793213433822,87.32824152552696,red_soil,58.4387674127051,296.0570246694122,146.969444996502,20.13559813904816
6.928759534710638,22.44920508718963,red_soil,82.1118863501028,55.567420674638306,78.92641114163621,35.121760863043825
87.83468283705153,84.71138628934798,red_soil,81.14223368477863,137.11591671807972,23.897874729505908,49.64291634190901
18.128862248847266,56.13144834086158,red_soil,98.45425459706755,176.3351883470005,108.45355369975518,27.508388779090726
83.0388357675505,43.498067810704875,red_soil,59.80079208419981,73.39230382926223,103.26622113990034,26.511440740682445
50.76247488886996,76.65571935098978,red_soil,21.40559237455893,180.07676981070261,29.138762908195876,40.22651934248321
3.471328008699792,16.946276018590222,red_soil,98.93035146297214,299.5937593298108,120.93445054146078,34.72620990253776
77.7006953099265,89.65542721851617,red_soil,61.544404765232656,34.70309983986783,119.17849785744885,23.687206376707216
25.80529559719613,46.346556546109994,red_soil,48.90195208410249,132.37856091321243,121.19519897105997,17.15595733889042
94.10841254587267,78.96584537635604,red_soil,22.211762007015608,250.1009425592743,129.84004696969464,15.36997509100132
49.681739674641356,83.55269034669533,red_soil,53.98282313304279,68.85214440565707,52.56700391863748,33.38315937390171
68.10590296514502,17.887335004084527,red_soil,71.58179491462457,153.14091049753452,141.06303614117934,23.517279894339698
92.98039345693829,90.04691278855877,red_soil,34.823006328321824,213.695746896768,36.05695785229024,33.161464799570126
63.57231545365691,29.411769428165112,red_soil,39.92989027068052,143.13385513749324,134.52145920547002,22.039104549825698
3.337622555493547,30.22872154709001,red_soil,53.82807707757741,186.0350536971669,25.12053748086944,42.789231456403506
88.55970205679587,47.65475134136496,red_soil,79.53145808347516,158.31408928649347,78.11707283527788,28.154567464343646
25.936451218961754,24.980209930624998,red_soil,99.14830839132873,263.9728025627861,123.94282260354028,29.900120594574183
3.022471118476666,17.541250419709296,red_soil,95.0184771606016,249.47968681847166,87.87677009808083,37.234509984631316
14.6582102902301,55.915044000603686,red_soil,34.65777011189679,109.26786632118412,157.9426831858219,7.442980691242593
10.179878563058608,24.954380556093845,red_soil,67.56059756656404,41.87201651872671,92.41422075504147,28.699004387481956
29.09671813304595,29.31229801251234,red_soil,38.32634150160566,282.3110018039118,65.33035163744502,25.414549930774577
30.157457425351453,70.26640044149043,red_soil,28.115301684691403,44.70142435103259,125.0396717777569,12.694511882864104
26.500133614066222,35.50467127246883,red_soil,96.58084010662579,53.69083112371144,30.76870717984073,46.20823885063778
28.209890605552513,64.90085486322072,red_soil,75.24813783573475,169.75672306977617,102.68114663566533,28.475957709719857
76.03872537251661,4.209849784626973,red_soil,45.03130693247047,213.21826138359586,55.380378123064254,36.14519365286034
34.50134284667753,71.14947717886633,red_soil,29.75878922026542,224.273625158205,130.2765603480727,17.077882049245293
24.423404855814425,80.52953571950614,red_soil,37.15540014227723,274.10076184712136,118.71647745586979,19.761202620005875
79.9287118661663,50.64335403599074,red_soil,56.21191170504411,140.64057799208388,101.91385116207404,23.231722178564354
89.59766157245606,27.294481294722527,red_soil,70.4621018328339,213.74421815373572,113.36591948419796,30.561788984925165
39.102254820370106,76.23788170670916,red_soil,44.00078432326411,82.21461965951686,91.6993045517008,22.59194048485422
3.3233162764539026,5.157574338230542,red_soil,75.60084211094997,292.6151076478201,76.3876484491806,36.62279401356638
81.80832105293531,26.143589697371983,red_soil,99.65011692831044,179.89764560244151,39.08226815809691,54.682346172424936
33.538127182964864,77.94719846269477,red_soil,28.465270864644463,260.67574718395076,128.91259823637463,21.555332906489504
89.49937460416648,22.977782294308124,red_soil,61.68046457828966,258.7286105457538,63.40117931550674,33.24115492671484
29.163435653851653,24.192031147481085,red_soil,89.60500949512836,152.55774608751577,114.83543189098062,32.10663733174191
29.918785238520375,76.11995575273957,red_soil,21.821129721497712,53.631948210670245,27.19333512055072,37.754488659214715
40.29872151293784,47.701589073225435,red_soil,39.6265077026718,43.209212892787384,113.82387942916087,15.865943715480606
80.94706348587249,92.91548251512015,red_soil,76.82951309277075,188.88914225057877,110.37911292721031,25.93940221717881
93.17051360665005,96.43058711939673,red_soil,54.13693135265774,194.69677344081498,134.87158502734093,20.125519448946005
52.701591682771564,65.28763398176977,red_soil,77.37643597900653,126.4170875839773,49.668262662747495,39.631238460592755
55.78155490526845,91.93034322521216,red_soil,91.67825205792386,123.9906299683654,43.319663509618046,45.18245969196169
72.49800182441882,50.53398311374922,red_soil,51.1224207631086,59.044423529923115,131.90328296749573,26.872686245667573
37.68816797380167,91.87879760667995,red_soil,72.77381651294897,280.5406883820302,79.70129333706018,34.02714971054659
93.72392903140796,95.97914282435333,red_soil,96.8613855103109,250.1967833245468,77.68423233048888,42.463422319039985
38.344088127782825,93.82974915177886,red_soil,49.08434360642399,233.0972923764728,155.06473098330613,25.253014953665016
94.7674146875356,55.50575977222759,red_soil,59.35040597206963,296.60113991119624,36.654106369491544,43.18462481905518
96.31822977458351,68.91948218241696,red_soil,62.904320783852626,61.313693031359065,86.22436183474332,25.569482359440553
60.28913233486717,40.46286224395348,red_soil,64.08824011721026,268.6898989298907,153.35857507073504,24.908461678451783
60.806100243432205,27.920261268283074,red_soil,56.08682369267812,85.4677251153643,89.28733999341662,23.484621555083873
33.78367361307731,27.211830063864817,red_soil,32.082048530516154,63.37450820669394,119.52546743997176,12.186024379540243
11.79770211065605,99.88716897642888,red_soil,40.79332015112456,271.4132867427363,102.34324023032212,30.72739328111789
56.09189114996354,18.081119505996888,red_soil,87.76412571620821,252.69251078386566,58.747158178844934,40.198281263283725
54.30402583444278,90.90491405600648,red_soil,84.22594970431743,36.273836695558465,147.7183633281314,17.4376115277493
74.21562026251037,11.991353084706802,red_soil,84.59007118696961,203.0594867214861,56.922821343692675,38.501076066898555
56.55666884531728,85.29279310194022,red_soil,73.60909988673941,104.34192851885525,163.80314090465413,15.578794440119246
51.675524182645894,40.350962825325496,red_soil,30.90753624621499,213.70854200994447,72.37426526497676,29.353295929202368
96.50971686188983,76.7640855349951,red_soil,39.399581096202816,221.89441222109073,3.4308541621293234,59.72099268883252
49.36185670905291,93.67396498851865,red_soil,50.22080330607721,97.37274123305718,167.1694649110146,13.439367772327337
86.31825424104382,91.10571640210087,red_soil,61.47749702251387,150.3213295177766,92.88484040175483,29.759164706142975
96.46602316007996,32.83221093697162,red_soil,79.09043056958774,103.47798125473885,102.6401109436929,26.445890208305848
88.64863246612933,44.87161842792467,red_soil,49.58045460527132,94.69919330299416,22.414084630255513,53.27184172012167
87.19778047478472,41.88095162106382,red_soil,45.38345326489776,228.26136726126407,36.21819123315771,42.88182455407022
93.59086483383024,8.158969261721671,red_soil,53.17049441947386,183.60657790857118,38.68380022325374,40.360964146810964
22.184536474866444,34.51855720606416,red_soil,91.88046040627586,143.6865203072079,70.19527477593653,34.94046396920085
96.41157269375744,11.729943621981565,red_soil,89.75003367514931,114.96929362519326,160.69394740649938,26.669453631645148
8.287436325632047,52.004188435251585,red_soil,38.22924634479283,232.07219925517836,110.42734387909634,21.110558476834417
19.348948861063665,70.86302648851405,red_soil,44.90648215842698,299.63535771651954,122.93696739643306,20.153487847130123
86.7117779215548,58.93116997194271,red_soil,64.21998934204267,90.26179077147938,113.9228152146714,22.582026977734046
81.60617963699576,5.187316664874187,red_soil,73.78400982724207,68.09824515835167,72.67167878390512,34.69451687037055
9.441954911414662,66.71506785526209,red_soil,69.00949939888682,263.57068024798053,29.01945838244321,49.6017542452543
45.01211967413282,42.864391249324555,red_soil,48.942748067189996,131.03289020387743,87.35321723943781,21.18343817272383
42.50658698729579,65.19812150595229,red_soil,59.85538827506517,70.60310393364627,60.99268590099418,33.78070757279741
66.88748146329682,90.07663225374978,red_soil,64.03004100702547,211.00123523227515,12.967857073819946,49.9079971662827
31.52086903555229,35.42917496879214,red_soil,37.82742245132101,48.28426973552603,132.727860743831,9.588429087479534
28.26877353453131,18.17962766062726,red_soil,97.9908224239104,239.78456925178122,156.2231411967577,32.633448362002255
90.62967995452617,47.9034051849193,red_soil,33.64331498856804,114.8920919483247,49.1318548529262,30.757889367600246
2.567268630734243,14.204221491797709,red_soil,74.63080962038887,58.946647295121394,8.113030929427236,63.00888561998511
69.06741530430963,13.932525940470008,red_soil,31.70434889091851,88.3325541087523,126.1529983050158,17.11130135935523
3.5375396724207198,90.58633555759405,red_soil,90.10547394327382,75.82522524652991,44.57755508194043,47.352058924835816
71.95345389617299,25.000888418923207,red_soil,94.51598059028017,252.60128170548145,98.8513894317051,33.84828746599113
88.36694064166667,72.77616465325542,red_soil,83.03259172328052,44.751931257297535,119.03810859671509,26.63667487405055
95.66353561570547,58.04704727824356,red_soil,60.64334815994172,141.98411724502574,117.81633040206016,25.367451226606345
59.97550487160357,22.72836415083398,red_soil,21.40591602473414,195.25610752357008,145.25244518720086,15.135138750755704
39.75712089613459,94.00469260809028,red_soil,60.13415966854442,85.68101319186309,59.41427717716654,36.41197217396141
11.728951441679214,66.07922438484111,red_soil,67.37314632739812,203.12379141303379,102.61298353827156,25.46700972454633
17.446284956631963,16.557200194586052,red_soil,27.836118903839157,227.255837629526,20.183052032386602,46.359309807948705
17.83903096536754,11.831017824792633,red_soil,33.00240388928635,164.81095054795549,108.44106165610296,15.540142995042059
12.85622054646306,61.61867473858301,red_soil,81.90716795289978,110.91142216466821,13.39221733372953,54.293227732728795
9.155864756045673,88.72119310226779,red_soil,50.13613346881876,168.92086641234113,129.13960950312486,13.506864566423387
64.91026546276127,7.667985321843773,red_soil,58.472451805488035,51.5427156968346,41.71173563427832,35.891425303795664
71.75838038869466,67.41041862892538,red_soil,79.76640711448526,41.98263799026717,166.97758764507188,23.595179544425047
82.5747791439154,74.02689334805356,red_soil,67.34094323934559,145.68572041487147,127.19823534939069,16.072396183285008
13.717833548980451,79.26324729608703,red_soil,26.284559794797218,162.65018908534705,108.37374686328863,16.552636949510237
46.31102180930537,23.68580775651452,red_soil,59.25276923652852,93.80723037020803,88.82586408463293,23.54384638370618
78.05044837503944,24.009011344252894,red_soil,35.99881473522716,155.40096838091398,8.48473335206291,54.46979912091935
35.37049141876919,48.76297125609103,red_soil,41.554936898029126,179.17503604481175,147.57366396278883,12.541088956353741
28.683952173643178,6.198097200231489,red_soil,30.93330437986589,179.33477635047743,114.8630848015358,19.51993102756553
18.554982971348167,31.908127067657055,red_soil,45.58184871044019,288.5619288989393,34.233460454326995,40.07275708580623
35.30148293123191,13.444197102967948,red_soil,30.12655721086313,137.0489318072103,51.47371139399137,36.53952590208
60.43034294274493,50.16997660203501,red_soil,26.167973516104432,262.25473035388967,47.8317937796719,35.02560213918217
93.15386325563256,43.40966262187528,red_soil,38.285355235066795,254.5844959458112,60.69602139257106,33.972980270512956
55.16077158189412,48.94024427012658,red_soil,88.00143030511651,225.55237945581632,147.1914337885746,23.42844344728597
64.2174960647797,50.017715227701274,red_soil,99.0042631597158,288.7703266000474,142.60730089800595,32.371668974257325
57.75595501185121,25.97533605262068,red_soil,90.03512216703719,27.974437091713373,38.20991442138077,46.870346440536345
58.6157155234072,56.087932036035596,red_soil,34.065266110822776,53.81950494872124,37.35125983432698,43.447696329057514
1.405368792008621,69.24558205498558,red_soil,39.81819485899932,121.63622005079966,56.26348401809512,31.43580139693945
85.9799722094611,14.93899535055412,red_soil,47.2581690585016,215.30792212624047,7.430877431113379,52.645679018152066
96.18251404974265,60.763720258199086,red_soil,96.52066968245771,138.59200309373063,69.725330750063,42.637529884258754
3.5446934999769697,24.45043181345339,red_soil,58.250292568091815,164.61265748729448,36.5526641325608,45.96644339783147
18.12058748383879,32.621114026910014,red_soil,35.6567612151462,216.5824899972878,86.78418138134839,27.198761929048864
5.7248169591649685,42.53620802351414,red_soil,97.35668631851365,39.74536654425,70.28761986892164,34.583749822882204
14.665332097079997,46.25264515730515,red_soil,32.60107181472421,167.65774186505683,155.0189227053717,15.122070376409088
10.718650971219779,82.52765619829519,red_soil,56.82158779310042,267.7180521821379,51.428713503785055,39.925280279952624
92.33135543016643,17.16957994479059,red_soil,84.05828474443227,198.66710620741,136.57505309734498,29.16191936875049
43.40864703370123,12.883722847695267,red_soil,96.80656863882918,42.24022381403698,11.001210863057233,61.796614195763574
30.0762148137675,59.70200328471501,red_soil,42.998042312584545,203.4085532975712,32.33485403736457,41.86418849943865
53.34921747803945,33.364289028713,red_soil,40.13604890151616,63.55683360958462,118.63224849973054,17.714056820931265
29.212639118814465,33.69087646165174,red_soil,56.34934375837361,218.2063923762684,71.89478262182251,25.953578830061133
67.97856466201844,83.848671613018,red_soil,77.30831690647526,65.8737449552024,164.29178671316714,18.911809780784278
57.27217686340125,16.523094073812615,red_soil,33.814451886317954,193.94107308653895,69.9211183443379,24.61694484056401
37.242772489970264,51.28451714565949,red_soil,35.03664303711696,67.68031468080231,12.708320301346422,50.26865077963656
55.53862515796612,94.71410399066623,red_soil,79.95890250874625,236.40986906861085,85.52181694509859,27.826059303628845
94.20634453138167,72.17402523354377,red_soil,28.447115270960104,204.03046129471423,20.232779656503446,42.8080906719024
69.2900405115938,83.47854319240385,red_soil,32.70731925834933,45.3908671906623,148.93584622426337,10.741635291361328
3.508609374373717,72.1054368766489,red_soil,87.81724432762744,166.48016890266223,90.70744100775636,27.963675501860145
23.846319886623256,75.52320701755862,red_soil,87.9427526496834,113.3423084954291,46.001623059109434,43.66044104817769
5.0595418022356125,28.107502484038104,red_soil,22.0520733575204,241.81209617880253,42.99570727720128,36.198525104749145
54.31883855405562,83.74636299771987,red_soil,96.83029820456173,126.00519388552037,14.841257741459042,55.08636597024683
22.29633344862463,5.3250668473138525,red_soil,91.85186972958523,26.45669746793238,82.78068372255895,34.2028962377574
65.27446645481395,28.97440885692498,red_soil,89.89563203755667,226.94507893488316,72.62546356669513,35.598420988842925
81.58882474975844,75.70602985357708,red_soil,51.920004641923796,118.87726221778497,6.53318226330708,57.89074217643399
5.391845555423469,2.4415486348026816,red_soil,32.22979057126247,260.71399986215806,134.09076420698534,15.303886134834022
62.38003614254719,62.406310124067,red_soil,29.91453972424133,217.21547225165637,47.04443702623946,34.76259301263439
95.47226038008574,87.06153943184273,red_soil,38.65548058366337,227.5789193175807,17.48724599314746,50.77815447921674
2.8174274781860187,17.024648421801235,red_soil,75.59587216750343,124.90912070095513,2.67832974640422,56.59717815710192
53.337840323199316,39.388021511131754,red_soil,61.50799160390651,167.9920002111012,78.99974495162294,25.698721803443394
88.56266198683065,30.171369207708654,red_soil,58.95748982767698,26.002098954111393,144.44879926145802,19.711085438378298
27.12968983283689,99.75371692110346,red_soil,66.75143509961504,58.83689268877232,44.60819494211993,39.83434485556079
98.60600478706539,43.06216779148579,red_soil,38.41071906342472,181.67601603852472,67.99962255357775,29.249814745226452
86.09196124543254,1.5687527283303915,red_soil,91.87869085963813,242.7611434904956,12.738299303925068,60.90405027643923
77.0941682139319,60.23070734286845,red_soil,66.21366401248986,38.66393221819286,9.99539046622747,52.22034682415525
10.556517891890982,24.184410070647754,red_soil,59.9069275058687,70.14501024348743,132.6930461724043,22.283604240931098
84.2143211260892,4.956812077470496,red_soil,54.229852898689956,257.9023599964423,61.02085757152542,35.46137077717449
58.92459041900096,34.72086167071786,red_soil,42.1123863272339,204.50435032733685,22.448855016486696,45.39077034335114
57.64434410807034,11.150350512583918,red_soil,76.2822116154691,143.5559512176652,34.28567778101352,40.31786653752957
71.96477850144257,59.29936233279961,red_soil,87.90937448474894,174.56419221759197,74.16706287192785,38.84628355185805
15.339042511817869,43.19693163718482,red_soil,56.47796632220127,226.66093893845,74.27028168619523,32.79493666899063
83.25185240762461,99.33346955105418,red_soil,45.8020252121026,273.0374775253014,135.41654647140462,16.317516061272638
33.41589308538913,21.904295983438338,red_soil,73.15074179383984,177.70726245986427,83.13497683504501,32.22436956846302
33.33086958119834,38.27522955532656,red_soil,89.25071585803595,292.3573400465018,130.42803324899583,33.68186835181961
11.265163216384732,20.9205147765802,red_soil,53.82090920183171,90.09168263060052,151.37491287609797,19.551080389360937
41.67292447830141,27.38117328615608,red_soil,50.45288041127715,155.91391372585082,119.92215516552241,15.692281188951313
84.88329397889457,12.756003113018,red_soil,40.996006557795035,298.23722133746054,31.95505051943419,46.05023369468131
63.84053019187983,39.31290798512249,red_soil,27.3468347414807,26.029167795987384,13.29914483208827,49.10014793009751
23.089294513094227,77.75521343189499,red_soil,88.60069064573943,64.82907987170594,56.61933828339099,40.19448077956724
28.66927035819472,23.92044187505713,red_soil,82.94919207497492,120.00691145386821,83.25488618902163,34.2025337526138
82.22566491521867,30.12090903224518,red_soil,36.737653416321535,294.0746777828636,53.78478750077949,36.96731793092061
67.78410406778043,51.4029445599541,red_soil,38.275795638764556,63.900790762398465,81.81871234562443,26.32786991368435
77.33667567747976,70.98334439521935,red_soil,92.96330230686934,291.9866545190987,122.27902280152284,33.36572830079323
40.511830921710256,60.88023698406829,red_soil,67.2156057159966,74.8970411034145,97.9347145477464,29.63919837358815
33.89268448437159,83.40070053012361,red_soil,53.7546526934576,170.03388736772447,94.56264065379243,24.446619934011636
21.31215137833721,59.94533631490071,red_soil,46.76988871552957,205.13058101394665,24.47719662624215,40.62413576948003
77.20432914533956,41.72514334843075,red_soil,44.108148069142636,131.6455595749076,121.16298982601099,20.188924857700332
70.20925120005874,88.89991954515392,red_soil,56.503618104832746,209.1183158231078,74.17333643325787,28.690043944969673
47.48236369629472,77.66636273378931,red_soil,20.420809862698643,84.32051284219,49.80152102742509,32.86765568905262
50.70462129669179,36.435187999814126,red_soil,52.34496924909375,149.25112794394747,145.79550553914714,15.297106154689125
84.41646397402306,84.16567634189485,red_soil,35.92120887643689,98.88646973462022,100.13626233376064,20.499517984919954
20.27053734460813,74.62818727465174,red_soil,35.997084233566945,97.3279278120889,51.54165038091059,30.251067091983646
73.20838968708833,53.068543572418136,red_soil,85.57994385079161,248.55526801737895,65.49196011938552,40.5575421598997
20.624277200165753,50.32288499555093,red_soil,29.459338431093627,142.36848353759595,87.42144932088803,21.624325623065808
46.26127617317499,65.1670542960133,red_soil,69.12705877957903,39.94731917004067,16.01706723257778,48.83933195357541
84.26857229161057,86.97560531673625,red_soil,44.76902957663408,222.69532344140052,97.00161951507604,28.862260243796474
9.464391228969172,54.788074224025486,red_soil,67.40301190970031,109.60885701155694,7.888145578567092,54.718639124220516
45.36180542006382,69.24737894439191,red_soil,76.01406286425019,74.76670867350165,144.1393196889721,21.506876359766164
96.43679019724178,11.815963442563682,red_soil,86.91637589083855,274.7929921424981,138.20948839214688,23.616264161458936
36.1310015404945,71.3343106720973,red_soil,66.34772528090403,141.73176114358506,166.8427649370182,18.23266245619671
41.31440221877841,90.28610373381174,red_soil,43.12066232770193,66.98731408534789,52.07995794447349,34.24214258171595
85.9854009702266,11.44449876223611,red_soil,69.73701448598612,181.0038990385543,112.35802796624534,25.86781350408587
95.94674702665283,34.65292084267393,red_soil,43.9813537388623,184.83695360100194,72.14230115209517,31.197149076610216
6.927699350449279,14.824217695359298,red_soil,94.82999492742894,43.78014920928348,99.1444595703443,30.762640220565267
1.1863528440827498,22.274814793338482,red_soil,50.16576246795094,164.37479794388383,57.38800951895095,33.52972113002645
22.639751725071267,2.5482936429019,red_soil,20.125684065460334,120.0158032861494,60.759350264633525,27.87455922899851
4.47807125202363,53.006506013518106,red_soil,66.2250651411077,217.30062827187288,107.30741282363097,25.219059558848695
63.185767340901165,32.23879396997321,red_soil,81.82951690782416,76.80048118731725,120.32254953216614,26.598199672537906
65.2290885327475,17.594768708755424,red_soil,73.53392010659698,227.6690623765266,82.22092388795134,35.136916437230454
16.655484928817586,28.996052511074055,red_soil,81.10626899620168,137.58519925022034,118.05582465486728,29.315008548554022
67.41702241242896,67.35384236829485,red_soil,68.86465634608412,167.56604414627122,33.23320339420532,44.26311435098225
96.42641724875953,46.64840656001663,red_soil,94.65910047077246,299.4484978739029,81.68091331441786,38.686169605005034
64.37903382505226,23.726481600074724,red_soil,23.767155500345503,149.67271057297563,132.25043956257375,18.815637432811833
78.44387211931844,65.48016819629555,red_soil,75.64330814540698,103.57874430378224,78.96796031763188,36.029842742900556
24.65805280797264,8.985004309241518,red_soil,30.141872503696643,82.89120680635504,97.47934751114062,24.48222232545688
26.693951256556204,86.11124468976891,red_soil,62.01181530735889,278.85510524984323,106.67411366263137,29.436024098060336
91.34756910156952,85.74633356808263,red_soil,70.82169782247193,172.06272782597495,76.09158031752229,39.708149343194236
76.92206408423498,51.31416023586858,red_soil,34.08197589619525,40.998830972572996,21.199294416134094,46.24997216312808
36.77341214397066,89.24160121752087,red_soil,39.12697857597344,112.88960345069707,37.46644264049801,41.875841199218755
61.708669629448686,53.21275318971607,red_soil,96.14853209735521,298.7289548548842,140.68252628733464,34.20113693388368
36.60527767496086,57.97835061619983,red_soil,48.11779351591081,240.69785769777832,28.867631367428448,40.66726229735007
3.869407087030885,60.89396733379924,red_soil,75.08306070311656,25.92462871362917,85.8120083510341,28.424112270708786
79.23807818187677,3.8890745998643395,red_soil,23.885255105446284,195.557502149617,99.39532756940034,13.994766478517885
59.22668891573611,94.93708285915014,red_soil,45.15077137875377,134.42838676132007,164.24934397248998,10.094010554423866
79.59048531962796,1.1568714660440294,red_soil,58.92105995226818,67.18564277638548,100.60876622631493,22.59673149426574
3.304230235068728,16.377272659174523,red_soil,47.4088304929522,95.34471561031035,64.38094148745085,26.551208022621857
10.120612744024049,42.32821086657721,red_soil,56.56730972860663,102.09406425301975,46.78910169151171,32.31010462455756
61.78438426509827,81.28320197331531,red_soil,52.40585779824418,191.8455324194101,150.1228076346742,20.33773255803442
92.00233924999588,26.89750225282249,red_soil,98.83369476256962,249.50722675463956,133.52771141493895,30.652294684342902
98.32679733720654,44.15632280464804,red_soil,79.32314438099286,217.17310419684338,122.99093628310702,25.795391528717683
19.07558911212134,34.90514697024023,red_soil,51.380319666072396,230.69994884448957,120.32965992084313,18.814181606061926
78.85191578903361,59.603387938941076,red_soil,31.1958789189954,199.7501962889004,149.02595965109649,17.12752415461468
89.56264285777416,99.90530181368995,red_soil,48.73617864188263,223.90466594565902,90.7130502768849,24.13221805745399
23.986707869246114,24.5914595995931,red_soil,34.79778294079768,198.6579642872089,23.864920236041314,47.794624869781714
52.33332392721941,43.82344771889698,red_soil,88.39436107791332,146.87157394331157,13.915791618002839,59.50118915723295
75.63236208086074,12.81906997548441,red_soil,81.27318352825398,82.13095897082616,82.14798976842792,30.43363846448052
75.37849643321918,24.59338805124469,red_soil,40.25667347933542,55.03614606858224,121.06188476993044,15.79103780648477
51.828001320196734,33.22435573670393,red_soil,81.97610070577866,87.28300553585035,158.0601960077938,25.506580573534073
10.385162129075065,24.030523281493245,red_soil,25.915274325374014,153.90315102291683,42.04220508154278,35.18109760997071
51.71286202201464,23.33684487292863,red_soil,56.10162639239532,78.89842483861669,30.0265351553863,45.46128223200789
10.830146476894676,18.864753691089064,red_soil,95.04374983963375,208.37072454180202,154.74524746082062,26.357790520874943
85.70133358009238,36.22728068539839,red_soil,31.53559848979885,246.29445250115415,10.021222152942023,51.69106773055491
81.93146685116434,61.71849254465093,red_soil,61.445255631975456,122.2493284134847,12.609379505187396,53.763127915859776
17.477372672504842,25.53084749760438,red_soil,38.873260999569425,274.68388683856836,128.29964997755312,15.010241353296195
95.54230339518591,5.278338078644174,red_soil,91.49363049773217,41.61751731424377,65.7099569170067,41.132737430075764
99.89689917576852,91.43895025006017,red_soil,66.7839164196985,84.90725784951752,46.49865783317483,45.039130560736254
32.27801824923458,2.1313905434940716,red_soil,72.50048064937077,193.69267362565785,151.92419814076524,19.807515953033054
34.47089617983878,51.151718291776696,red_soil,35.57559927166717,197.02359675181626,129.36552430874715,15.95641376702526
31.838321763532917,86.78009793663986,red_soil,60.44253989070575,171.25507783632534,121.36457710496306,24.332011005557096
6.957976807381916,80.39617118630358,red_soil,93.82688297987742,39.65123907247336,20.369959084868565,53.62619556068452
60.44739325145255,38.25169989717458,red_soil,63.13989191522971,218.41810620029116,84.75204559599612,31.166658150594575
8.943602913329018,43.88587351883817,red_soil,93.8307806279067,178.3892730448358,60.180971594998645,40.966034013406706
38.86321561789381,50.91464809343752,red_soil,29.319946450297696,227.7852600178298,117.65089680014422,18.77726547573562
